record_id	attribute	value
0	age	5
0	fare	1
0	siblings	1
0	children	0
0	gender	1
0	pclass	3
0	label	0
1	age	12
1	fare	14
1	siblings	1
1	children	0
1	gender	0
1	pclass	1
1	label	1
2	age	7
2	fare	4
2	siblings	1
2	children	0
2	gender	0
2	pclass	3
2	label	1
3	age	11
3	fare	13
3	siblings	1
3	children	0
3	gender	0
3	pclass	1
3	label	1
4	age	11
4	fare	5
4	siblings	1
4	children	0
4	gender	1
4	pclass	3
4	label	0
5	age	7
5	fare	5
5	siblings	1
5	children	0
5	gender	1
5	pclass	3
5	label	0
6	age	15
6	fare	13
6	siblings	1
6	children	0
6	gender	1
6	pclass	1
6	label	0
7	age	0
7	fare	9
7	siblings	1
7	children	0
7	gender	1
7	pclass	3
7	label	0
8	age	7
8	fare	6
8	siblings	1
8	children	0
8	gender	0
8	pclass	3
8	label	1
9	age	1
9	fare	11
9	siblings	1
9	children	0
9	gender	0
9	pclass	2
9	label	1
10	age	0
10	fare	8
10	siblings	1
10	children	0
10	gender	0
10	pclass	3
10	label	1
11	age	15
11	fare	11
11	siblings	1
11	children	0
11	gender	0
11	pclass	1
11	label	1
12	age	3
12	fare	5
12	siblings	1
12	children	0
12	gender	1
12	pclass	3
12	label	0
13	age	12
13	fare	12
13	siblings	1
13	children	0
13	gender	1
13	pclass	3
13	label	0
14	age	1
14	fare	3
14	siblings	1
14	children	0
14	gender	0
14	pclass	3
14	label	0
15	age	15
15	fare	8
15	siblings	1
15	children	0
15	gender	0
15	pclass	2
15	label	1
16	age	0
16	fare	11
16	siblings	1
16	children	0
16	gender	1
16	pclass	3
16	label	0
17	age	5
17	fare	7
17	siblings	1
17	children	0
17	gender	1
17	pclass	2
17	label	1
18	age	9
18	fare	8
18	siblings	1
18	children	0
18	gender	0
18	pclass	3
18	label	0
19	age	5
19	fare	0
19	siblings	1
19	children	0
19	gender	0
19	pclass	3
19	label	1
20	age	11
20	fare	10
20	siblings	1
20	children	0
20	gender	1
20	pclass	2
20	label	0
21	age	10
21	fare	7
21	siblings	1
21	children	0
21	gender	1
21	pclass	2
21	label	1
22	age	1
22	fare	4
22	siblings	1
22	children	0
22	gender	0
22	pclass	3
22	label	1
23	age	8
23	fare	12
23	siblings	1
23	children	0
23	gender	1
23	pclass	1
23	label	1
24	age	1
24	fare	9
24	siblings	1
24	children	0
24	gender	0
24	pclass	3
24	label	0
25	age	12
25	fare	12
25	siblings	1
25	children	0
25	gender	0
25	pclass	3
25	label	1
26	age	7
26	fare	0
26	siblings	1
26	children	0
26	gender	1
26	pclass	3
26	label	0
27	age	3
27	fare	15
27	siblings	1
27	children	0
27	gender	1
27	pclass	1
27	label	0
28	age	6
28	fare	3
28	siblings	1
28	children	0
28	gender	0
28	pclass	3
28	label	1
29	age	5
29	fare	3
29	siblings	1
29	children	0
29	gender	1
29	pclass	3
29	label	0
30	age	12
30	fare	11
30	siblings	1
30	children	0
30	gender	1
30	pclass	1
30	label	0
31	age	14
31	fare	15
31	siblings	1
31	children	0
31	gender	0
31	pclass	1
31	label	1
32	age	2
32	fare	2
32	siblings	1
32	children	0
32	gender	0
32	pclass	3
32	label	1
33	age	15
33	fare	6
33	siblings	1
33	children	0
33	gender	1
33	pclass	2
33	label	0
34	age	8
34	fare	14
34	siblings	1
34	children	0
34	gender	1
34	pclass	1
34	label	0
35	age	13
35	fare	13
35	siblings	1
35	children	0
35	gender	1
35	pclass	1
35	label	0
36	age	2
36	fare	1
36	siblings	1
36	children	0
36	gender	1
36	pclass	3
36	label	1
37	age	4
37	fare	5
37	siblings	1
37	children	0
37	gender	1
37	pclass	3
37	label	0
38	age	2
38	fare	8
38	siblings	1
38	children	0
38	gender	0
38	pclass	3
38	label	0
39	age	1
39	fare	6
39	siblings	1
39	children	0
39	gender	0
39	pclass	3
39	label	1
40	age	12
40	fare	5
40	siblings	1
40	children	0
40	gender	0
40	pclass	3
40	label	0
41	age	7
41	fare	9
41	siblings	1
41	children	0
41	gender	0
41	pclass	2
41	label	0
42	age	0
42	fare	12
42	siblings	1
42	children	0
42	gender	0
42	pclass	2
42	label	1
43	age	3
43	fare	3
43	siblings	1
43	children	0
43	gender	0
43	pclass	3
43	label	1
44	age	9
44	fare	5
44	siblings	1
44	children	0
44	gender	1
44	pclass	3
44	label	0
45	age	3
45	fare	8
45	siblings	1
45	children	0
45	gender	1
45	pclass	3
45	label	0
46	age	7
46	fare	2
46	siblings	1
46	children	0
46	gender	0
46	pclass	3
46	label	1
47	age	2
47	fare	9
47	siblings	1
47	children	0
47	gender	1
47	pclass	3
47	label	0
48	age	2
48	fare	8
48	siblings	1
48	children	0
48	gender	0
48	pclass	3
48	label	0
49	age	1
49	fare	12
49	siblings	1
49	children	0
49	gender	1
49	pclass	3
49	label	0
50	age	4
50	fare	2
50	siblings	1
50	children	0
50	gender	1
50	pclass	3
50	label	0
51	age	14
51	fare	14
51	siblings	1
51	children	0
51	gender	0
51	pclass	1
51	label	1
52	age	8
52	fare	10
52	siblings	1
52	children	0
52	gender	0
52	pclass	2
52	label	1
53	age	15
53	fare	13
53	siblings	1
53	children	0
53	gender	1
53	pclass	1
53	label	0
54	age	13
54	fare	12
54	siblings	1
54	children	0
54	gender	1
54	pclass	1
54	label	1
55	age	4
55	fare	6
55	siblings	1
55	children	0
55	gender	0
55	pclass	2
55	label	1
56	age	8
56	fare	1
56	siblings	1
56	children	0
56	gender	1
56	pclass	3
56	label	0
57	age	0
57	fare	11
57	siblings	1
57	children	0
57	gender	0
57	pclass	2
57	label	1
58	age	1
58	fare	13
58	siblings	1
58	children	0
58	gender	1
58	pclass	3
58	label	0
59	age	5
59	fare	1
59	siblings	1
59	children	0
59	gender	1
59	pclass	3
59	label	0
60	age	12
60	fare	14
60	siblings	1
60	children	0
60	gender	0
60	pclass	1
60	label	1
61	age	13
61	fare	14
61	siblings	1
61	children	0
61	gender	1
61	pclass	1
61	label	0
62	age	0
62	fare	11
62	siblings	1
62	children	0
62	gender	1
62	pclass	3
62	label	0
63	age	15
63	fare	11
63	siblings	1
63	children	0
63	gender	1
63	pclass	1
63	label	0
64	age	1
64	fare	8
64	siblings	1
64	children	0
64	gender	1
64	pclass	3
64	label	1
65	age	8
65	fare	6
65	siblings	1
65	children	0
65	gender	0
65	pclass	2
65	label	1
66	age	3
66	fare	5
66	siblings	1
66	children	0
66	gender	1
66	pclass	3
66	label	0
67	age	2
67	fare	4
67	siblings	1
67	children	0
67	gender	0
67	pclass	3
67	label	1
68	age	7
68	fare	5
68	siblings	1
68	children	0
68	gender	1
68	pclass	3
68	label	0
69	age	10
69	fare	6
69	siblings	1
69	children	0
69	gender	1
69	pclass	2
69	label	0
70	age	2
70	fare	13
70	siblings	1
70	children	0
70	gender	0
70	pclass	3
70	label	0
71	age	4
71	fare	14
71	siblings	1
71	children	0
71	gender	1
71	pclass	2
71	label	0
72	age	7
72	fare	8
72	siblings	1
72	children	0
72	gender	1
72	pclass	3
72	label	0
73	age	10
73	fare	13
73	siblings	1
73	children	0
73	gender	1
73	pclass	3
73	label	1
74	age	6
74	fare	1
74	siblings	1
74	children	0
74	gender	1
74	pclass	3
74	label	0
75	age	5
75	fare	3
75	siblings	1
75	children	0
75	gender	1
75	pclass	3
75	label	0
76	age	8
76	fare	5
76	siblings	1
76	children	0
76	gender	1
76	pclass	3
76	label	0
77	age	0
77	fare	11
77	siblings	1
77	children	0
77	gender	1
77	pclass	2
77	label	1
78	age	9
78	fare	6
78	siblings	1
78	children	0
78	gender	0
78	pclass	3
78	label	1
79	age	5
79	fare	5
79	siblings	1
79	children	0
79	gender	1
79	pclass	3
79	label	0
80	age	8
80	fare	5
80	siblings	1
80	children	0
80	gender	1
80	pclass	3
80	label	1
81	age	9
81	fare	2
81	siblings	1
81	children	0
81	gender	0
81	pclass	3
81	label	1
82	age	8
82	fare	13
82	siblings	1
82	children	0
82	gender	1
82	pclass	1
82	label	0
83	age	2
83	fare	6
83	siblings	1
83	children	0
83	gender	0
83	pclass	2
83	label	1
84	age	10
84	fare	8
84	siblings	1
84	children	0
84	gender	0
84	pclass	3
84	label	1
85	age	2
85	fare	12
85	siblings	1
85	children	0
85	gender	1
85	pclass	3
85	label	0
86	age	3
86	fare	5
86	siblings	1
86	children	0
86	gender	1
86	pclass	3
86	label	0
87	age	5
87	fare	15
87	siblings	1
87	children	0
87	gender	0
87	pclass	1
87	label	1
88	age	6
88	fare	5
88	siblings	1
88	children	0
88	gender	1
88	pclass	3
88	label	0
89	age	8
89	fare	5
89	siblings	1
89	children	0
89	gender	1
89	pclass	3
89	label	0
90	age	3
90	fare	3
90	siblings	1
90	children	0
90	gender	1
90	pclass	3
90	label	0
91	age	13
91	fare	13
91	siblings	1
91	children	0
91	gender	1
91	pclass	1
91	label	0
92	age	7
92	fare	9
92	siblings	1
92	children	0
92	gender	1
92	pclass	3
92	label	0
93	age	15
93	fare	1
93	siblings	1
93	children	0
93	gender	1
93	pclass	3
93	label	0
94	age	5
94	fare	5
94	siblings	1
94	children	0
94	gender	1
94	pclass	3
94	label	0
95	age	15
95	fare	12
95	siblings	1
95	children	0
95	gender	1
95	pclass	1
95	label	0
96	age	5
96	fare	13
96	siblings	1
96	children	0
96	gender	1
96	pclass	1
96	label	1
97	age	10
97	fare	9
97	siblings	1
97	children	0
97	gender	0
97	pclass	2
97	label	1
98	age	10
98	fare	10
98	siblings	1
98	children	0
98	gender	1
98	pclass	2
98	label	0
99	age	8
99	fare	3
99	siblings	1
99	children	0
99	gender	0
99	pclass	3
99	label	0
100	age	8
100	fare	3
100	siblings	1
100	children	0
100	gender	1
100	pclass	3
100	label	0
101	age	4
101	fare	14
101	siblings	1
101	children	0
101	gender	1
101	pclass	1
101	label	0
102	age	10
102	fare	5
102	siblings	1
102	children	0
102	gender	1
102	pclass	3
102	label	0
103	age	11
103	fare	4
103	siblings	1
103	children	0
103	gender	1
103	pclass	3
103	label	0
104	age	8
104	fare	3
104	siblings	1
104	children	0
104	gender	1
104	pclass	3
104	label	0
105	age	4
105	fare	1
105	siblings	1
105	children	0
105	gender	0
105	pclass	3
105	label	1
106	age	8
106	fare	2
106	siblings	1
106	children	0
106	gender	1
106	pclass	3
106	label	1
107	age	12
107	fare	3
107	siblings	1
107	children	0
107	gender	1
107	pclass	3
107	label	0
108	age	8
108	fare	9
108	siblings	1
108	children	0
108	gender	0
108	pclass	3
108	label	1
109	age	14
109	fare	13
109	siblings	1
109	children	0
109	gender	1
109	pclass	1
109	label	0
110	age	1
110	fare	8
110	siblings	1
110	children	0
110	gender	0
110	pclass	3
110	label	0
111	age	5
111	fare	5
111	siblings	1
111	children	0
111	gender	1
111	pclass	3
111	label	0
112	age	3
112	fare	5
112	siblings	1
112	children	0
112	gender	0
112	pclass	3
112	label	0
113	age	2
113	fare	8
113	siblings	1
113	children	0
113	gender	0
113	pclass	3
113	label	0
114	age	4
114	fare	4
114	siblings	1
114	children	0
114	gender	1
114	pclass	3
114	label	0
115	age	15
115	fare	2
115	siblings	1
115	children	0
115	gender	1
115	pclass	3
115	label	0
116	age	8
116	fare	9
116	siblings	1
116	children	0
116	gender	1
116	pclass	2
116	label	0
117	age	6
117	fare	15
117	siblings	1
117	children	0
117	gender	1
117	pclass	1
117	label	0
118	age	0
118	fare	12
118	siblings	1
118	children	0
118	gender	0
118	pclass	3
118	label	0
119	age	4
119	fare	14
119	siblings	1
119	children	0
119	gender	1
119	pclass	2
119	label	0
120	age	3
120	fare	5
120	siblings	1
120	children	0
120	gender	1
120	pclass	3
120	label	0
121	age	10
121	fare	11
121	siblings	1
121	children	0
121	gender	1
121	pclass	2
121	label	0
122	age	10
122	fare	7
122	siblings	1
122	children	0
122	gender	0
122	pclass	2
122	label	1
123	age	15
123	fare	14
123	siblings	1
123	children	0
123	gender	1
123	pclass	1
123	label	0
124	age	1
124	fare	6
124	siblings	1
124	children	0
124	gender	1
124	pclass	3
124	label	1
125	age	3
125	fare	2
125	siblings	1
125	children	0
125	gender	1
125	pclass	3
125	label	0
126	age	6
126	fare	0
126	siblings	1
126	children	0
126	gender	1
126	pclass	3
126	label	1
127	age	0
127	fare	9
127	siblings	1
127	children	0
127	gender	0
127	pclass	3
127	label	1
128	age	13
128	fare	0
128	siblings	1
128	children	0
128	gender	1
128	pclass	3
128	label	0
129	age	10
129	fare	3
129	siblings	1
129	children	0
129	gender	1
129	pclass	3
129	label	0
130	age	3
130	fare	0
130	siblings	1
130	children	0
130	gender	1
130	pclass	3
130	label	0
131	age	14
131	fare	8
131	siblings	1
131	children	0
131	gender	0
131	pclass	3
131	label	0
132	age	8
132	fare	10
132	siblings	1
132	children	0
132	gender	0
132	pclass	2
132	label	1
133	age	6
133	fare	7
133	siblings	1
133	children	0
133	gender	1
133	pclass	2
133	label	0
134	age	5
134	fare	8
134	siblings	1
134	children	0
134	gender	1
134	pclass	2
134	label	0
135	age	3
135	fare	10
135	siblings	1
135	children	0
135	gender	0
135	pclass	1
135	label	1
136	age	11
136	fare	13
136	siblings	1
136	children	0
136	gender	1
136	pclass	1
136	label	0
137	age	2
137	fare	5
137	siblings	1
137	children	0
137	gender	1
137	pclass	3
137	label	0
138	age	6
138	fare	14
138	siblings	1
138	children	0
138	gender	1
138	pclass	1
138	label	0
139	age	12
139	fare	8
139	siblings	1
139	children	0
139	gender	0
139	pclass	3
139	label	0
140	age	5
140	fare	2
140	siblings	1
140	children	0
140	gender	0
140	pclass	3
140	label	1
141	age	6
141	fare	8
141	siblings	1
141	children	0
141	gender	0
141	pclass	3
141	label	1
142	age	3
142	fare	0
142	siblings	1
142	children	0
142	gender	1
142	pclass	3
142	label	0
143	age	2
143	fare	6
143	siblings	1
143	children	0
143	gender	1
143	pclass	2
143	label	0
144	age	3
144	fare	12
144	siblings	1
144	children	0
144	gender	1
144	pclass	2
144	label	0
145	age	7
145	fare	2
145	siblings	1
145	children	0
145	gender	1
145	pclass	3
145	label	1
146	age	1
146	fare	12
146	siblings	1
146	children	0
146	gender	0
146	pclass	3
146	label	0
147	age	11
147	fare	10
147	siblings	1
147	children	0
147	gender	1
147	pclass	2
147	label	0
148	age	13
148	fare	7
148	siblings	1
148	children	0
148	gender	1
148	pclass	2
148	label	0
149	age	14
149	fare	6
149	siblings	1
149	children	0
149	gender	1
149	pclass	2
149	label	0
150	age	5
150	fare	13
150	siblings	1
150	children	0
150	gender	0
150	pclass	1
150	label	1
151	age	15
151	fare	5
151	siblings	1
151	children	0
151	gender	1
151	pclass	3
151	label	0
152	age	12
152	fare	8
152	siblings	1
152	children	0
152	gender	1
152	pclass	3
152	label	0
153	age	7
153	fare	1
153	siblings	1
153	children	0
153	gender	1
153	pclass	3
153	label	0
154	age	14
154	fare	13
154	siblings	1
154	children	0
154	gender	1
154	pclass	1
154	label	0
155	age	2
155	fare	1
155	siblings	1
155	children	0
155	gender	0
155	pclass	3
155	label	1
156	age	9
156	fare	5
156	siblings	1
156	children	0
156	gender	1
156	pclass	3
156	label	0
157	age	11
157	fare	5
157	siblings	1
157	children	0
157	gender	1
157	pclass	3
157	label	0
158	age	0
158	fare	14
158	siblings	1
158	children	0
158	gender	1
158	pclass	3
158	label	0
159	age	13
159	fare	8
159	siblings	1
159	children	0
159	gender	1
159	pclass	3
159	label	0
160	age	12
160	fare	8
160	siblings	1
160	children	0
160	gender	0
160	pclass	2
160	label	1
161	age	7
161	fare	2
161	siblings	1
161	children	0
161	gender	1
161	pclass	3
161	label	0
162	age	2
162	fare	5
162	siblings	1
162	children	0
162	gender	1
162	pclass	3
162	label	0
163	age	0
163	fare	12
163	siblings	1
163	children	0
163	gender	1
163	pclass	3
163	label	0
164	age	1
164	fare	9
164	siblings	1
164	children	0
164	gender	1
164	pclass	3
164	label	1
165	age	14
165	fare	13
165	siblings	1
165	children	0
165	gender	0
165	pclass	1
165	label	1
166	age	13
166	fare	11
166	siblings	1
166	children	0
166	gender	0
166	pclass	3
166	label	0
167	age	15
167	fare	10
167	siblings	1
167	children	0
167	gender	1
167	pclass	1
167	label	0
168	age	8
168	fare	13
168	siblings	1
168	children	0
168	gender	1
168	pclass	3
168	label	0
169	age	15
169	fare	12
169	siblings	1
169	children	0
169	gender	1
169	pclass	1
169	label	0
170	age	0
170	fare	11
170	siblings	1
170	children	0
170	gender	1
170	pclass	3
170	label	0
171	age	0
171	fare	6
171	siblings	1
171	children	0
171	gender	0
171	pclass	3
171	label	1
172	age	4
172	fare	4
172	siblings	1
172	children	0
172	gender	1
172	pclass	3
172	label	0
173	age	15
173	fare	11
173	siblings	1
173	children	0
173	gender	1
173	pclass	1
173	label	0
174	age	2
174	fare	3
174	siblings	1
174	children	0
174	gender	1
174	pclass	3
174	label	0
175	age	0
175	fare	10
175	siblings	1
175	children	0
175	gender	1
175	pclass	3
175	label	0
176	age	14
176	fare	11
176	siblings	1
176	children	0
176	gender	0
176	pclass	1
176	label	0
177	age	9
177	fare	7
177	siblings	1
177	children	0
177	gender	1
177	pclass	2
177	label	0
178	age	11
178	fare	0
178	siblings	1
178	children	0
178	gender	1
178	pclass	3
178	label	0
179	age	1
179	fare	14
179	siblings	1
179	children	0
179	gender	0
179	pclass	3
179	label	0
180	age	12
180	fare	8
180	siblings	1
180	children	0
180	gender	1
180	pclass	2
180	label	0
181	age	1
181	fare	12
181	siblings	1
181	children	0
181	gender	1
181	pclass	3
181	label	0
182	age	0
182	fare	12
182	siblings	1
182	children	0
182	gender	1
182	pclass	2
182	label	1
183	age	0
183	fare	9
183	siblings	1
183	children	0
183	gender	0
183	pclass	3
183	label	1
184	age	12
184	fare	13
184	siblings	1
184	children	0
184	gender	1
184	pclass	1
184	label	0
185	age	7
185	fare	8
185	siblings	1
185	children	0
185	gender	0
185	pclass	3
185	label	1
186	age	13
186	fare	11
186	siblings	1
186	children	0
186	gender	1
186	pclass	1
186	label	1
187	age	12
187	fare	8
187	siblings	1
187	children	0
187	gender	1
187	pclass	3
187	label	0
188	age	11
188	fare	3
188	siblings	1
188	children	0
188	gender	1
188	pclass	3
188	label	0
189	age	10
189	fare	7
189	siblings	1
189	children	0
189	gender	0
189	pclass	2
189	label	1
190	age	3
190	fare	7
190	siblings	1
190	children	0
190	gender	1
190	pclass	2
190	label	0
191	age	3
191	fare	3
191	siblings	1
191	children	0
191	gender	0
191	pclass	3
191	label	1
192	age	0
192	fare	10
192	siblings	1
192	children	0
192	gender	1
192	pclass	2
192	label	1
193	age	13
193	fare	11
193	siblings	1
193	children	0
193	gender	0
193	pclass	1
193	label	1
194	age	15
194	fare	15
194	siblings	1
194	children	0
194	gender	0
194	pclass	1
194	label	1
195	age	8
195	fare	2
195	siblings	1
195	children	0
195	gender	1
195	pclass	3
195	label	0
196	age	13
196	fare	5
196	siblings	1
196	children	0
196	gender	1
196	pclass	3
196	label	0
197	age	4
197	fare	2
197	siblings	1
197	children	0
197	gender	0
197	pclass	3
197	label	1
198	age	6
198	fare	7
198	siblings	1
198	children	0
198	gender	0
198	pclass	2
198	label	0
199	age	8
199	fare	5
199	siblings	1
199	children	0
199	gender	1
199	pclass	3
199	label	0
200	age	2
200	fare	14
200	siblings	1
200	children	0
200	gender	1
200	pclass	3
200	label	0
201	age	10
201	fare	0
201	siblings	1
201	children	0
201	gender	1
201	pclass	3
201	label	0
202	age	13
202	fare	0
202	siblings	1
202	children	0
202	gender	1
202	pclass	3
202	label	0
203	age	2
203	fare	5
203	siblings	1
203	children	0
203	gender	1
203	pclass	3
203	label	1
204	age	0
204	fare	6
204	siblings	1
204	children	0
204	gender	0
204	pclass	3
204	label	0
205	age	10
205	fare	8
205	siblings	1
205	children	0
205	gender	1
205	pclass	3
205	label	0
206	age	7
206	fare	9
206	siblings	1
206	children	0
206	gender	1
206	pclass	3
206	label	1
207	age	2
207	fare	2
207	siblings	1
207	children	0
207	gender	0
207	pclass	3
207	label	1
208	age	12
208	fare	11
208	siblings	1
208	children	0
208	gender	1
208	pclass	1
208	label	1
209	age	6
209	fare	0
209	siblings	1
209	children	0
209	gender	1
209	pclass	3
209	label	0
210	age	11
210	fare	9
210	siblings	1
210	children	0
210	gender	0
210	pclass	2
210	label	1
211	age	5
211	fare	1
211	siblings	1
211	children	0
211	gender	1
211	pclass	3
211	label	0
212	age	9
212	fare	7
212	siblings	1
212	children	0
212	gender	1
212	pclass	2
212	label	0
213	age	5
213	fare	2
213	siblings	1
213	children	0
213	gender	1
213	pclass	3
213	label	0
214	age	9
214	fare	15
214	siblings	1
214	children	0
214	gender	0
214	pclass	1
214	label	1
215	age	7
215	fare	4
215	siblings	1
215	children	0
215	gender	0
215	pclass	3
215	label	1
216	age	13
216	fare	11
216	siblings	1
216	children	0
216	gender	1
216	pclass	2
216	label	0
217	age	10
217	fare	14
217	siblings	1
217	children	0
217	gender	0
217	pclass	1
217	label	1
218	age	9
218	fare	6
218	siblings	1
218	children	0
218	gender	1
218	pclass	2
218	label	0
219	age	2
219	fare	5
219	siblings	1
219	children	0
219	gender	1
219	pclass	3
219	label	1
220	age	7
220	fare	7
220	siblings	1
220	children	0
220	gender	1
220	pclass	2
220	label	0
221	age	14
221	fare	5
221	siblings	1
221	children	0
221	gender	1
221	pclass	3
221	label	0
222	age	5
222	fare	3
222	siblings	1
222	children	0
222	gender	1
222	pclass	3
222	label	0
223	age	12
223	fare	14
223	siblings	1
223	children	0
223	gender	1
223	pclass	1
223	label	1
224	age	5
224	fare	5
224	siblings	1
224	children	0
224	gender	1
224	pclass	3
224	label	0
225	age	3
225	fare	6
225	siblings	1
225	children	0
225	gender	1
225	pclass	2
225	label	1
226	age	4
226	fare	1
226	siblings	1
226	children	0
226	gender	1
226	pclass	3
226	label	0
227	age	2
227	fare	7
227	siblings	1
227	children	0
227	gender	1
227	pclass	2
227	label	0
228	age	1
228	fare	10
228	siblings	1
228	children	0
228	gender	0
228	pclass	3
228	label	0
229	age	11
229	fare	14
229	siblings	1
229	children	0
229	gender	0
229	pclass	1
229	label	1
230	age	8
230	fare	2
230	siblings	1
230	children	0
230	gender	1
230	pclass	3
230	label	0
231	age	15
231	fare	7
231	siblings	1
231	children	0
231	gender	1
231	pclass	2
231	label	0
232	age	0
232	fare	12
232	siblings	1
232	children	0
232	gender	0
232	pclass	3
232	label	1
233	age	6
233	fare	6
233	siblings	1
233	children	0
233	gender	1
233	pclass	2
233	label	0
234	age	4
234	fare	1
234	siblings	1
234	children	0
234	gender	0
234	pclass	3
234	label	0
235	age	13
235	fare	10
235	siblings	1
235	children	0
235	gender	1
235	pclass	2
235	label	0
236	age	1
236	fare	10
236	siblings	1
236	children	0
236	gender	0
236	pclass	2
236	label	1
237	age	3
237	fare	6
237	siblings	1
237	children	0
237	gender	1
237	pclass	2
237	label	0
238	age	10
238	fare	6
238	siblings	1
238	children	0
238	gender	1
238	pclass	2
238	label	0
239	age	3
239	fare	8
239	siblings	1
239	children	0
239	gender	0
239	pclass	3
239	label	0
240	age	2
240	fare	8
240	siblings	1
240	children	0
240	gender	0
240	pclass	3
240	label	1
241	age	8
241	fare	6
241	siblings	1
241	children	0
241	gender	1
241	pclass	2
241	label	0
242	age	5
242	fare	0
242	siblings	1
242	children	0
242	gender	1
242	pclass	3
242	label	0
243	age	9
243	fare	0
243	siblings	1
243	children	0
243	gender	1
243	pclass	3
243	label	0
244	age	13
244	fare	14
244	siblings	1
244	children	0
244	gender	1
244	pclass	1
244	label	0
245	age	6
245	fare	2
245	siblings	1
245	children	0
245	gender	0
245	pclass	3
245	label	0
246	age	6
246	fare	8
246	siblings	1
246	children	0
246	gender	0
246	pclass	2
246	label	1
247	age	11
247	fare	13
247	siblings	1
247	children	0
247	gender	1
247	pclass	1
247	label	1
248	age	15
248	fare	10
248	siblings	1
248	children	0
248	gender	1
248	pclass	2
248	label	0
249	age	2
249	fare	1
249	siblings	1
249	children	0
249	gender	1
249	pclass	3
249	label	0
250	age	8
250	fare	6
250	siblings	1
250	children	0
250	gender	0
250	pclass	3
250	label	0
251	age	15
251	fare	11
251	siblings	1
251	children	0
251	gender	1
251	pclass	1
251	label	0
252	age	9
252	fare	8
252	siblings	1
252	children	0
252	gender	1
252	pclass	3
252	label	0
253	age	12
253	fare	9
253	siblings	1
253	children	0
253	gender	0
253	pclass	3
253	label	0
254	age	8
254	fare	8
254	siblings	1
254	children	0
254	gender	0
254	pclass	3
254	label	1
255	age	12
255	fare	14
255	siblings	1
255	children	0
255	gender	0
255	pclass	1
255	label	1
256	age	9
256	fare	14
256	siblings	1
256	children	0
256	gender	0
256	pclass	1
256	label	1
257	age	11
257	fare	15
257	siblings	1
257	children	0
257	gender	0
257	pclass	1
257	label	1
258	age	14
258	fare	10
258	siblings	1
258	children	0
258	gender	0
258	pclass	2
258	label	1
259	age	0
259	fare	12
259	siblings	1
259	children	0
259	gender	1
259	pclass	3
259	label	1
260	age	14
260	fare	14
260	siblings	1
260	children	0
260	gender	1
260	pclass	1
260	label	0
261	age	12
261	fare	0
261	siblings	1
261	children	0
261	gender	1
261	pclass	1
261	label	0
262	age	4
262	fare	2
262	siblings	1
262	children	0
262	gender	0
262	pclass	3
262	label	0
263	age	11
263	fare	6
263	siblings	1
263	children	0
263	gender	1
263	pclass	2
263	label	0
264	age	2
264	fare	12
264	siblings	1
264	children	0
264	gender	1
264	pclass	3
264	label	0
265	age	6
265	fare	2
265	siblings	1
265	children	0
265	gender	1
265	pclass	3
265	label	1
266	age	15
266	fare	15
266	siblings	1
266	children	0
266	gender	0
266	pclass	1
266	label	1
267	age	11
267	fare	15
267	siblings	1
267	children	0
267	gender	0
267	pclass	1
267	label	1
268	age	8
268	fare	11
268	siblings	1
268	children	0
268	gender	1
268	pclass	1
268	label	0
269	age	6
269	fare	0
269	siblings	1
269	children	0
269	gender	1
269	pclass	3
269	label	1
270	age	12
270	fare	9
270	siblings	1
270	children	0
270	gender	0
270	pclass	2
270	label	1
271	age	11
271	fare	11
271	siblings	1
271	children	0
271	gender	1
271	pclass	1
271	label	0
272	age	10
272	fare	2
272	siblings	1
272	children	0
272	gender	0
272	pclass	3
272	label	1
273	age	15
273	fare	14
273	siblings	1
273	children	0
273	gender	0
273	pclass	1
273	label	1
274	age	13
274	fare	2
274	siblings	1
274	children	0
274	gender	0
274	pclass	3
274	label	0
275	age	4
275	fare	0
275	siblings	1
275	children	0
275	gender	1
275	pclass	2
275	label	0
276	age	1
276	fare	11
276	siblings	1
276	children	0
276	gender	1
276	pclass	3
276	label	0
277	age	11
277	fare	9
277	siblings	1
277	children	0
277	gender	0
277	pclass	3
277	label	1
278	age	15
278	fare	2
278	siblings	1
278	children	0
278	gender	1
278	pclass	3
278	label	0
279	age	8
279	fare	3
279	siblings	1
279	children	0
279	gender	1
279	pclass	3
279	label	0
280	age	2
280	fare	5
280	siblings	1
280	children	0
280	gender	1
280	pclass	3
280	label	0
281	age	3
281	fare	5
281	siblings	1
281	children	0
281	gender	1
281	pclass	3
281	label	1
282	age	15
282	fare	10
282	siblings	1
282	children	0
282	gender	1
282	pclass	1
282	label	0
283	age	10
283	fare	5
283	siblings	1
283	children	0
283	gender	1
283	pclass	3
283	label	0
284	age	9
284	fare	5
284	siblings	1
284	children	0
284	gender	1
284	pclass	3
284	label	1
285	age	5
285	fare	3
285	siblings	1
285	children	0
285	gender	1
285	pclass	3
285	label	0
286	age	13
286	fare	7
286	siblings	1
286	children	0
286	gender	1
286	pclass	2
286	label	1
287	age	5
287	fare	2
287	siblings	1
287	children	0
287	gender	0
287	pclass	3
287	label	1
288	age	7
288	fare	14
288	siblings	1
288	children	0
288	gender	0
288	pclass	1
288	label	1
289	age	3
289	fare	15
289	siblings	1
289	children	0
289	gender	0
289	pclass	1
289	label	1
290	age	11
290	fare	6
290	siblings	1
290	children	0
290	gender	1
290	pclass	2
290	label	0
291	age	6
291	fare	5
291	siblings	1
291	children	0
291	gender	0
291	pclass	3
291	label	0
292	age	6
292	fare	3
292	siblings	1
292	children	0
292	gender	1
292	pclass	3
292	label	0
293	age	9
293	fare	11
293	siblings	1
293	children	0
293	gender	1
293	pclass	1
293	label	0
294	age	5
294	fare	1
294	siblings	1
294	children	0
294	gender	1
294	pclass	3
294	label	0
295	age	0
295	fare	15
295	siblings	1
295	children	0
295	gender	0
295	pclass	1
295	label	0
296	age	14
296	fare	11
296	siblings	1
296	children	0
296	gender	1
296	pclass	1
296	label	1
297	age	14
297	fare	15
297	siblings	1
297	children	0
297	gender	0
297	pclass	1
297	label	1
298	age	3
298	fare	2
298	siblings	1
298	children	0
298	gender	0
298	pclass	3
298	label	1
299	age	6
299	fare	9
299	siblings	1
299	children	0
299	gender	1
299	pclass	3
299	label	1
300	age	3
300	fare	0
300	siblings	1
300	children	0
300	gender	1
300	pclass	3
300	label	0
301	age	13
301	fare	6
301	siblings	1
301	children	0
301	gender	0
301	pclass	2
301	label	1
302	age	8
302	fare	5
302	siblings	1
302	children	0
302	gender	1
302	pclass	3
302	label	0
303	age	0
303	fare	15
303	siblings	1
303	children	0
303	gender	1
303	pclass	1
303	label	1
304	age	13
304	fare	15
304	siblings	1
304	children	0
304	gender	0
304	pclass	1
304	label	1
305	age	2
305	fare	15
305	siblings	1
305	children	0
305	gender	0
305	pclass	1
305	label	1
306	age	9
306	fare	9
306	siblings	1
306	children	0
306	gender	1
306	pclass	2
306	label	0
307	age	9
307	fare	13
307	siblings	1
307	children	0
307	gender	0
307	pclass	1
307	label	1
308	age	6
308	fare	14
308	siblings	1
308	children	0
308	gender	0
308	pclass	1
308	label	1
309	age	2
309	fare	15
309	siblings	1
309	children	0
309	gender	0
309	pclass	1
309	label	1
310	age	7
310	fare	10
310	siblings	1
310	children	0
310	gender	0
310	pclass	2
310	label	0
311	age	8
311	fare	3
311	siblings	1
311	children	0
311	gender	1
311	pclass	3
311	label	0
312	age	13
312	fare	10
312	siblings	1
312	children	0
312	gender	1
312	pclass	2
312	label	0
313	age	7
313	fare	3
313	siblings	1
313	children	0
313	gender	0
313	pclass	3
313	label	1
314	age	6
314	fare	10
314	siblings	1
314	children	0
314	gender	0
314	pclass	2
314	label	1
315	age	15
315	fare	7
315	siblings	1
315	children	0
315	gender	1
315	pclass	2
315	label	0
316	age	9
316	fare	15
316	siblings	1
316	children	0
316	gender	0
316	pclass	1
316	label	1
317	age	12
317	fare	15
317	siblings	1
317	children	0
317	gender	0
317	pclass	1
317	label	1
318	age	5
318	fare	1
318	siblings	1
318	children	0
318	gender	1
318	pclass	3
318	label	0
319	age	7
319	fare	3
319	siblings	1
319	children	0
319	gender	1
319	pclass	3
319	label	0
320	age	9
320	fare	6
320	siblings	1
320	children	0
320	gender	0
320	pclass	2
320	label	1
321	age	5
321	fare	11
321	siblings	1
321	children	0
321	gender	0
321	pclass	2
321	label	1
322	age	3
322	fare	14
322	siblings	1
322	children	0
322	gender	1
322	pclass	3
322	label	0
323	age	11
323	fare	15
323	siblings	1
323	children	0
323	gender	0
323	pclass	1
323	label	1
324	age	15
324	fare	0
324	siblings	1
324	children	0
324	gender	1
324	pclass	3
324	label	0
325	age	11
325	fare	7
325	siblings	1
325	children	0
325	gender	0
325	pclass	2
325	label	1
326	age	9
326	fare	9
326	siblings	1
326	children	0
326	gender	0
326	pclass	3
326	label	1
327	age	2
327	fare	13
327	siblings	1
327	children	0
327	gender	0
327	pclass	1
327	label	1
328	age	8
328	fare	9
328	siblings	1
328	children	0
328	gender	0
328	pclass	3
328	label	1
329	age	13
329	fare	11
329	siblings	1
329	children	0
329	gender	1
329	pclass	1
329	label	0
330	age	12
330	fare	15
330	siblings	1
330	children	0
330	gender	1
330	pclass	1
330	label	0
331	age	2
331	fare	8
331	siblings	1
331	children	0
331	gender	1
331	pclass	3
331	label	0
332	age	13
332	fare	15
332	siblings	1
332	children	0
332	gender	0
332	pclass	1
332	label	1
333	age	9
333	fare	3
333	siblings	1
333	children	0
333	gender	1
333	pclass	3
333	label	0
334	age	8
334	fare	13
334	siblings	1
334	children	0
334	gender	1
334	pclass	1
334	label	0
335	age	12
335	fare	15
335	siblings	1
335	children	0
335	gender	0
335	pclass	1
335	label	1
336	age	13
336	fare	5
336	siblings	1
336	children	0
336	gender	1
336	pclass	3
336	label	1
337	age	13
337	fare	12
337	siblings	1
337	children	0
337	gender	1
337	pclass	1
337	label	0
338	age	0
338	fare	10
338	siblings	1
338	children	0
338	gender	1
338	pclass	2
338	label	1
339	age	6
339	fare	15
339	siblings	1
339	children	0
339	gender	0
339	pclass	1
339	label	1
340	age	8
340	fare	7
340	siblings	1
340	children	0
340	gender	1
340	pclass	2
340	label	0
341	age	6
341	fare	7
341	siblings	1
341	children	0
341	gender	1
341	pclass	2
341	label	0
342	age	11
342	fare	7
342	siblings	1
342	children	0
342	gender	1
342	pclass	2
342	label	0
343	age	6
343	fare	7
343	siblings	1
343	children	0
343	gender	0
343	pclass	2
343	label	1
344	age	12
344	fare	7
344	siblings	1
344	children	0
344	gender	0
344	pclass	2
344	label	1
345	age	10
345	fare	8
345	siblings	1
345	children	0
345	gender	0
345	pclass	3
345	label	1
346	age	0
346	fare	8
346	siblings	1
346	children	0
346	gender	1
346	pclass	3
346	label	1
347	age	13
347	fare	5
347	siblings	1
347	children	0
347	gender	1
347	pclass	3
347	label	0
348	age	5
348	fare	5
348	siblings	1
348	children	0
348	gender	1
348	pclass	3
348	label	0
349	age	13
349	fare	12
349	siblings	1
349	children	0
349	gender	1
349	pclass	1
349	label	0
350	age	1
350	fare	1
350	siblings	1
350	children	0
350	gender	1
350	pclass	3
350	label	0
351	age	6
351	fare	8
351	siblings	1
351	children	0
351	gender	1
351	pclass	3
351	label	0
352	age	5
352	fare	0
352	siblings	1
352	children	0
352	gender	1
352	pclass	3
352	label	0
353	age	8
353	fare	5
353	siblings	1
353	children	0
353	gender	1
353	pclass	3
353	label	0
354	age	5
354	fare	13
354	siblings	1
354	children	0
354	gender	0
354	pclass	1
354	label	1
355	age	12
355	fare	7
355	siblings	1
355	children	0
355	gender	0
355	pclass	2
355	label	0
356	age	5
356	fare	3
356	siblings	1
356	children	0
356	gender	0
356	pclass	3
356	label	1
357	age	5
357	fare	3
357	siblings	1
357	children	0
357	gender	0
357	pclass	3
357	label	1
358	age	12
358	fare	11
358	siblings	1
358	children	0
358	gender	1
358	pclass	3
358	label	0
359	age	8
359	fare	11
359	siblings	1
359	children	0
359	gender	1
359	pclass	2
359	label	0
360	age	13
360	fare	8
360	siblings	1
360	children	0
360	gender	0
360	pclass	3
360	label	0
361	age	11
361	fare	0
361	siblings	1
361	children	0
361	gender	1
361	pclass	3
361	label	0
362	age	7
362	fare	8
362	siblings	1
362	children	0
362	gender	1
362	pclass	3
362	label	0
363	age	9
363	fare	1
363	siblings	1
363	children	0
363	gender	1
363	pclass	3
363	label	0
364	age	15
364	fare	14
364	siblings	1
364	children	0
364	gender	0
364	pclass	1
364	label	1
365	age	11
365	fare	1
365	siblings	1
365	children	0
365	gender	0
365	pclass	3
365	label	1
366	age	5
366	fare	2
366	siblings	1
366	children	0
366	gender	0
366	pclass	3
366	label	1
367	age	6
367	fare	13
367	siblings	1
367	children	0
367	gender	0
367	pclass	1
367	label	1
368	age	6
368	fare	13
368	siblings	1
368	children	0
368	gender	1
368	pclass	1
368	label	1
369	age	2
369	fare	0
369	siblings	1
369	children	0
369	gender	1
369	pclass	3
369	label	0
370	age	3
370	fare	5
370	siblings	1
370	children	0
370	gender	1
370	pclass	3
370	label	0
371	age	5
371	fare	15
371	siblings	1
371	children	0
371	gender	1
371	pclass	1
371	label	0
372	age	0
372	fare	9
372	siblings	1
372	children	0
372	gender	0
372	pclass	3
372	label	0
373	age	6
373	fare	14
373	siblings	1
373	children	0
373	gender	0
373	pclass	1
373	label	1
374	age	5
374	fare	1
374	siblings	1
374	children	0
374	gender	0
374	pclass	3
374	label	1
375	age	7
375	fare	15
375	siblings	1
375	children	0
375	gender	1
375	pclass	1
375	label	0
376	age	3
376	fare	0
376	siblings	1
376	children	0
376	gender	1
376	pclass	3
376	label	0
377	age	3
377	fare	2
377	siblings	1
377	children	0
377	gender	1
377	pclass	3
377	label	0
378	age	13
378	fare	15
378	siblings	1
378	children	0
378	gender	0
378	pclass	1
378	label	1
379	age	0
379	fare	8
379	siblings	1
379	children	0
379	gender	0
379	pclass	3
379	label	1
380	age	10
380	fare	4
380	siblings	1
380	children	0
380	gender	1
380	pclass	3
380	label	0
381	age	11
381	fare	13
381	siblings	1
381	children	0
381	gender	0
381	pclass	1
381	label	1
382	age	7
382	fare	3
382	siblings	1
382	children	0
382	gender	1
382	pclass	3
382	label	0
383	age	2
383	fare	14
383	siblings	1
383	children	0
383	gender	1
383	pclass	2
383	label	0
384	age	0
384	fare	13
384	siblings	1
384	children	0
384	gender	1
384	pclass	3
384	label	0
385	age	11
385	fare	7
385	siblings	1
385	children	0
385	gender	0
385	pclass	2
385	label	1
386	age	3
386	fare	1
386	siblings	1
386	children	0
386	gender	1
386	pclass	3
386	label	0
387	age	2
387	fare	6
387	siblings	1
387	children	0
387	gender	0
387	pclass	2
387	label	1
388	age	11
388	fare	15
388	siblings	1
388	children	0
388	gender	1
388	pclass	1
388	label	1
389	age	4
389	fare	2
389	siblings	1
389	children	0
389	gender	1
389	pclass	3
389	label	1
390	age	8
390	fare	4
390	siblings	1
390	children	0
390	gender	1
390	pclass	3
390	label	0
391	age	5
391	fare	15
391	siblings	1
391	children	0
391	gender	0
391	pclass	1
391	label	1
392	age	6
392	fare	8
392	siblings	1
392	children	0
392	gender	0
392	pclass	3
392	label	1
393	age	5
393	fare	2
393	siblings	1
393	children	0
393	gender	1
393	pclass	3
393	label	0
394	age	9
394	fare	3
394	siblings	1
394	children	0
394	gender	0
394	pclass	3
394	label	0
395	age	13
395	fare	10
395	siblings	1
395	children	0
395	gender	1
395	pclass	2
395	label	0
396	age	5
396	fare	6
396	siblings	1
396	children	0
396	gender	1
396	pclass	2
396	label	0
397	age	8
397	fare	6
397	siblings	1
397	children	0
397	gender	0
397	pclass	2
397	label	1
398	age	12
398	fare	4
398	siblings	1
398	children	0
398	gender	1
398	pclass	3
398	label	1
399	age	7
399	fare	5
399	siblings	1
399	children	0
399	gender	1
399	pclass	3
399	label	0
400	age	4
400	fare	5
400	siblings	1
400	children	0
400	gender	0
400	pclass	3
400	label	0
401	age	8
401	fare	8
401	siblings	1
401	children	0
401	gender	1
401	pclass	3
401	label	0
402	age	3
402	fare	5
402	siblings	1
402	children	0
402	gender	0
402	pclass	3
402	label	0
403	age	10
403	fare	9
403	siblings	1
403	children	0
403	gender	1
403	pclass	2
403	label	0
404	age	14
404	fare	2
404	siblings	1
404	children	0
404	gender	1
404	pclass	3
404	label	0
405	age	0
405	fare	9
405	siblings	1
405	children	0
405	gender	1
405	pclass	2
405	label	1
406	age	4
406	fare	2
406	siblings	1
406	children	0
406	gender	1
406	pclass	3
406	label	0
407	age	0
407	fare	10
407	siblings	1
407	children	0
407	gender	0
407	pclass	3
407	label	0
408	age	13
408	fare	3
408	siblings	1
408	children	0
408	gender	1
408	pclass	3
408	label	0
409	age	7
409	fare	0
409	siblings	1
409	children	0
409	gender	1
409	pclass	3
409	label	0
410	age	10
410	fare	14
410	siblings	1
410	children	0
410	gender	0
410	pclass	1
410	label	1
411	age	5
411	fare	0
411	siblings	1
411	children	0
411	gender	1
411	pclass	2
411	label	0
412	age	13
412	fare	4
412	siblings	1
412	children	0
412	gender	1
412	pclass	3
412	label	1
413	age	10
413	fare	5
413	siblings	1
413	children	0
413	gender	0
413	pclass	3
413	label	0
414	age	10
414	fare	12
414	siblings	1
414	children	0
414	gender	0
414	pclass	2
414	label	1
415	age	2
415	fare	7
415	siblings	1
415	children	0
415	gender	0
415	pclass	2
415	label	1
416	age	9
416	fare	7
416	siblings	1
416	children	0
416	gender	1
416	pclass	2
416	label	0
417	age	1
417	fare	9
417	siblings	1
417	children	0
417	gender	0
417	pclass	3
417	label	0
418	age	4
418	fare	1
418	siblings	1
418	children	0
418	gender	1
418	pclass	3
418	label	0
419	age	8
419	fare	3
419	siblings	1
419	children	0
419	gender	1
419	pclass	3
419	label	0
420	age	8
420	fare	7
420	siblings	1
420	children	0
420	gender	0
420	pclass	3
420	label	0
421	age	2
421	fare	9
421	siblings	1
421	children	0
421	gender	1
421	pclass	3
421	label	0
422	age	15
422	fare	1
422	siblings	1
422	children	0
422	gender	1
422	pclass	3
422	label	0
423	age	8
423	fare	10
423	siblings	1
423	children	0
423	gender	0
423	pclass	2
423	label	1
424	age	3
424	fare	10
424	siblings	1
424	children	0
424	gender	0
424	pclass	2
424	label	1
425	age	8
425	fare	2
425	siblings	1
425	children	0
425	gender	1
425	pclass	3
425	label	0
426	age	10
426	fare	5
426	siblings	1
426	children	0
426	gender	1
426	pclass	3
426	label	1
427	age	8
427	fare	11
427	siblings	1
427	children	0
427	gender	1
427	pclass	1
427	label	1
428	age	10
428	fare	8
428	siblings	1
428	children	0
428	gender	0
428	pclass	3
428	label	1
429	age	13
429	fare	10
429	siblings	1
429	children	0
429	gender	0
429	pclass	2
429	label	1
430	age	2
430	fare	0
430	siblings	1
430	children	0
430	gender	1
430	pclass	3
430	label	0
431	age	14
431	fare	13
431	siblings	1
431	children	0
431	gender	1
431	pclass	1
431	label	0
432	age	1
432	fare	15
432	siblings	1
432	children	0
432	gender	0
432	pclass	1
432	label	1
433	age	4
433	fare	12
433	siblings	1
433	children	0
433	gender	0
433	pclass	3
433	label	0
434	age	6
434	fare	9
434	siblings	1
434	children	0
434	gender	0
434	pclass	2
434	label	1
435	age	15
435	fare	15
435	siblings	1
435	children	0
435	gender	1
435	pclass	1
435	label	0
436	age	9
436	fare	6
436	siblings	1
436	children	0
436	gender	1
436	pclass	2
436	label	0
437	age	13
437	fare	10
437	siblings	1
437	children	0
437	gender	0
437	pclass	2
437	label	1
438	age	3
438	fare	5
438	siblings	1
438	children	0
438	gender	1
438	pclass	3
438	label	0
439	age	6
439	fare	2
439	siblings	1
439	children	0
439	gender	1
439	pclass	3
439	label	0
440	age	8
440	fare	7
440	siblings	1
440	children	0
440	gender	0
440	pclass	2
440	label	1
441	age	8
441	fare	5
441	siblings	1
441	children	0
441	gender	1
441	pclass	3
441	label	1
442	age	0
442	fare	14
442	siblings	1
442	children	0
442	gender	1
442	pclass	1
442	label	1
443	age	1
443	fare	9
443	siblings	1
443	children	0
443	gender	0
443	pclass	2
443	label	1
444	age	10
444	fare	11
444	siblings	1
444	children	0
444	gender	1
444	pclass	1
444	label	1
445	age	0
445	fare	9
445	siblings	1
445	children	0
445	gender	0
445	pclass	3
445	label	1
446	age	14
446	fare	11
446	siblings	1
446	children	0
446	gender	1
446	pclass	1
446	label	1
447	age	11
447	fare	11
447	siblings	1
447	children	0
447	gender	1
447	pclass	2
447	label	0
448	age	8
448	fare	9
448	siblings	1
448	children	0
448	gender	1
448	pclass	3
448	label	0
449	age	9
449	fare	11
449	siblings	1
449	children	0
449	gender	1
449	pclass	1
449	label	0
450	age	14
450	fare	14
450	siblings	1
450	children	0
450	gender	1
450	pclass	1
450	label	1
451	age	6
451	fare	5
451	siblings	1
451	children	0
451	gender	1
451	pclass	3
451	label	0
452	age	8
452	fare	3
452	siblings	1
452	children	0
452	gender	1
452	pclass	3
452	label	1
453	age	15
453	fare	11
453	siblings	1
453	children	0
453	gender	1
453	pclass	1
453	label	0
454	age	12
454	fare	13
454	siblings	1
454	children	0
454	gender	0
454	pclass	1
454	label	1
455	age	14
455	fare	6
455	siblings	1
455	children	0
455	gender	0
455	pclass	2
455	label	1
456	age	2
456	fare	2
456	siblings	1
456	children	0
456	gender	1
456	pclass	3
456	label	0
457	age	14
457	fare	11
457	siblings	1
457	children	0
457	gender	1
457	pclass	1
457	label	1
458	age	10
458	fare	5
458	siblings	1
458	children	0
458	gender	1
458	pclass	3
458	label	0
459	age	14
459	fare	12
459	siblings	1
459	children	0
459	gender	1
459	pclass	1
459	label	0
460	age	14
460	fare	7
460	siblings	1
460	children	0
460	gender	1
460	pclass	2
460	label	0
461	age	10
461	fare	5
461	siblings	1
461	children	0
461	gender	1
461	pclass	3
461	label	0
462	age	12
462	fare	0
462	siblings	1
462	children	0
462	gender	1
462	pclass	3
462	label	0
463	age	4
463	fare	0
463	siblings	1
463	children	0
463	gender	1
463	pclass	2
463	label	0
464	age	15
464	fare	11
464	siblings	1
464	children	0
464	gender	1
464	pclass	1
464	label	0
465	age	5
465	fare	1
465	siblings	1
465	children	0
465	gender	1
465	pclass	3
465	label	0
466	age	0
466	fare	9
466	siblings	1
466	children	0
466	gender	0
466	pclass	3
466	label	1
467	age	12
467	fare	1
467	siblings	1
467	children	0
467	gender	1
467	pclass	3
467	label	0
468	age	12
468	fare	5
468	siblings	1
468	children	0
468	gender	1
468	pclass	3
468	label	0
469	age	10
469	fare	11
469	siblings	1
469	children	0
469	gender	0
469	pclass	2
469	label	1
470	age	5
470	fare	7
470	siblings	1
470	children	0
470	gender	0
470	pclass	2
470	label	1
471	age	5
471	fare	5
471	siblings	1
471	children	0
471	gender	0
471	pclass	3
471	label	0
472	age	12
472	fare	13
472	siblings	1
472	children	0
472	gender	1
472	pclass	1
472	label	0
473	age	10
473	fare	9
473	siblings	1
473	children	0
473	gender	1
473	pclass	2
473	label	0
474	age	8
474	fare	0
474	siblings	1
474	children	0
474	gender	1
474	pclass	3
474	label	0
475	age	5
475	fare	1
475	siblings	1
475	children	0
475	gender	1
475	pclass	3
475	label	0
476	age	0
476	fare	6
476	siblings	1
476	children	0
476	gender	0
476	pclass	3
476	label	1
477	age	1
477	fare	13
477	siblings	1
477	children	0
477	gender	1
477	pclass	3
477	label	0
478	age	11
478	fare	0
478	siblings	1
478	children	0
478	gender	1
478	pclass	2
478	label	0
479	age	14
479	fare	5
479	siblings	1
479	children	0
479	gender	1
479	pclass	3
479	label	0
480	age	15
480	fare	5
480	siblings	1
480	children	0
480	gender	0
480	pclass	3
480	label	1
481	age	6
481	fare	15
481	siblings	1
481	children	0
481	gender	1
481	pclass	1
481	label	1
482	age	1
482	fare	10
482	siblings	1
482	children	0
482	gender	0
482	pclass	3
482	label	0
483	age	11
483	fare	14
483	siblings	1
483	children	0
483	gender	0
483	pclass	1
483	label	1
484	age	15
484	fare	11
484	siblings	1
484	children	0
484	gender	1
484	pclass	1
484	label	0
485	age	9
485	fare	5
485	siblings	1
485	children	0
485	gender	1
485	pclass	3
485	label	0
486	age	1
486	fare	8
486	siblings	1
486	children	0
486	gender	1
486	pclass	3
486	label	1
487	age	3
487	fare	9
487	siblings	1
487	children	0
487	gender	1
487	pclass	3
487	label	0
488	age	4
488	fare	1
488	siblings	1
488	children	0
488	gender	1
488	pclass	3
488	label	0
489	age	15
489	fare	11
489	siblings	1
489	children	0
489	gender	1
489	pclass	1
489	label	0
490	age	15
490	fare	13
490	siblings	1
490	children	0
490	gender	1
490	pclass	1
490	label	0
491	age	4
491	fare	5
491	siblings	1
491	children	0
491	gender	1
491	pclass	3
491	label	0
492	age	7
492	fare	8
492	siblings	1
492	children	0
492	gender	1
492	pclass	3
492	label	0
493	age	15
493	fare	14
493	siblings	1
493	children	0
493	gender	0
493	pclass	1
493	label	1
494	age	15
494	fare	8
494	siblings	1
494	children	0
494	gender	1
494	pclass	3
494	label	0
495	age	6
495	fare	15
495	siblings	1
495	children	0
495	gender	0
495	pclass	1
495	label	0
496	age	6
496	fare	2
496	siblings	1
496	children	0
496	gender	1
496	pclass	3
496	label	0
497	age	2
497	fare	5
497	siblings	1
497	children	0
497	gender	1
497	pclass	3
497	label	0
498	age	4
498	fare	2
498	siblings	1
498	children	0
498	gender	0
498	pclass	3
498	label	0
499	age	4
499	fare	1
499	siblings	1
499	children	0
499	gender	0
499	pclass	3
499	label	0
500	age	11
500	fare	5
500	siblings	1
500	children	0
500	gender	0
500	pclass	3
500	label	0
501	age	2
501	fare	14
501	siblings	1
501	children	0
501	gender	0
501	pclass	1
501	label	1
502	age	2
502	fare	15
502	siblings	1
502	children	0
502	gender	1
502	pclass	1
502	label	0
503	age	10
503	fare	10
503	siblings	1
503	children	0
503	gender	0
503	pclass	2
503	label	1
504	age	11
504	fare	11
504	siblings	1
504	children	0
504	gender	1
504	pclass	1
504	label	1
505	age	8
505	fare	9
505	siblings	1
505	children	0
505	gender	1
505	pclass	3
505	label	0
506	age	7
506	fare	13
506	siblings	1
506	children	0
506	gender	1
506	pclass	3
506	label	1
507	age	8
507	fare	2
507	siblings	1
507	children	0
507	gender	1
507	pclass	3
507	label	1
508	age	15
508	fare	5
508	siblings	1
508	children	0
508	gender	1
508	pclass	3
508	label	0
509	age	11
509	fare	10
509	siblings	1
509	children	0
509	gender	1
509	pclass	1
509	label	1
510	age	15
510	fare	13
510	siblings	1
510	children	0
510	gender	0
510	pclass	1
510	label	1
511	age	6
511	fare	1
511	siblings	1
511	children	0
511	gender	1
511	pclass	3
511	label	0
512	age	14
512	fare	12
512	siblings	1
512	children	0
512	gender	1
512	pclass	1
512	label	0
513	age	10
513	fare	6
513	siblings	1
513	children	0
513	gender	0
513	pclass	2
513	label	1
514	age	9
514	fare	9
514	siblings	1
514	children	0
514	gender	1
514	pclass	3
514	label	0
515	age	11
515	fare	10
515	siblings	1
515	children	0
515	gender	0
515	pclass	2
515	label	1
516	age	10
516	fare	3
516	siblings	1
516	children	0
516	gender	1
516	pclass	3
516	label	0
517	age	9
517	fare	15
517	siblings	1
517	children	0
517	gender	0
517	pclass	1
517	label	1
518	age	5
518	fare	3
518	siblings	1
518	children	0
518	gender	1
518	pclass	3
518	label	0
519	age	11
519	fare	0
519	siblings	1
519	children	0
519	gender	1
519	pclass	3
519	label	0
520	age	13
520	fare	13
520	siblings	1
520	children	0
520	gender	0
520	pclass	1
520	label	1
521	age	2
521	fare	1
521	siblings	1
521	children	0
521	gender	1
521	pclass	3
521	label	0
522	age	12
522	fare	2
522	siblings	1
522	children	0
522	gender	1
522	pclass	3
522	label	0
523	age	14
523	fare	6
523	siblings	1
523	children	0
523	gender	0
523	pclass	2
523	label	1
524	age	14
524	fare	15
524	siblings	1
524	children	0
524	gender	1
524	pclass	1
524	label	0
525	age	12
525	fare	4
525	siblings	1
525	children	0
525	gender	1
525	pclass	3
525	label	0
526	age	5
526	fare	6
526	siblings	1
526	children	0
526	gender	1
526	pclass	2
526	label	0
527	age	0
527	fare	10
527	siblings	1
527	children	0
527	gender	0
527	pclass	2
527	label	1
528	age	2
528	fare	1
528	siblings	1
528	children	0
528	gender	1
528	pclass	3
528	label	0
529	age	2
529	fare	1
529	siblings	1
529	children	0
529	gender	1
529	pclass	3
529	label	0
530	age	6
530	fare	9
530	siblings	1
530	children	0
530	gender	0
530	pclass	3
530	label	1
531	age	9
531	fare	5
531	siblings	1
531	children	0
531	gender	0
531	pclass	3
531	label	0
532	age	1
532	fare	10
532	siblings	1
532	children	0
532	gender	0
532	pclass	2
532	label	1
533	age	13
533	fare	11
533	siblings	1
533	children	0
533	gender	1
533	pclass	1
533	label	0
534	age	9
534	fare	15
534	siblings	1
534	children	0
534	gender	0
534	pclass	1
534	label	1
535	age	15
535	fare	8
535	siblings	1
535	children	0
535	gender	1
535	pclass	3
535	label	0
536	age	5
536	fare	13
536	siblings	1
536	children	0
536	gender	0
536	pclass	1
536	label	1
537	age	11
537	fare	14
537	siblings	1
537	children	0
537	gender	0
537	pclass	1
537	label	1
538	age	1
538	fare	12
538	siblings	1
538	children	0
538	gender	0
538	pclass	3
538	label	0
539	age	1
539	fare	12
539	siblings	1
539	children	0
539	gender	0
539	pclass	3
539	label	0
540	age	10
540	fare	10
540	siblings	1
540	children	0
540	gender	1
540	pclass	2
540	label	1
541	age	14
541	fare	15
541	siblings	1
541	children	0
541	gender	1
541	pclass	1
541	label	0
542	age	15
542	fare	10
542	siblings	1
542	children	0
542	gender	1
542	pclass	1
542	label	0
543	age	3
543	fare	10
543	siblings	1
543	children	0
543	gender	0
543	pclass	2
543	label	1
544	age	7
544	fare	7
544	siblings	1
544	children	0
544	gender	1
544	pclass	2
544	label	1
545	age	10
545	fare	9
545	siblings	1
545	children	0
545	gender	1
545	pclass	3
545	label	0
546	age	1
546	fare	12
546	siblings	1
546	children	0
546	gender	1
546	pclass	2
546	label	1
547	age	2
547	fare	15
547	siblings	1
547	children	0
547	gender	1
547	pclass	1
547	label	1
548	age	7
548	fare	10
548	siblings	1
548	children	0
548	gender	1
548	pclass	2
548	label	0
549	age	4
549	fare	2
549	siblings	1
549	children	0
549	gender	1
549	pclass	3
549	label	0
550	age	5
550	fare	0
550	siblings	1
550	children	0
550	gender	1
550	pclass	3
550	label	1
551	age	5
551	fare	2
551	siblings	1
551	children	0
551	gender	0
551	pclass	3
551	label	1
552	age	15
552	fare	11
552	siblings	1
552	children	0
552	gender	1
552	pclass	1
552	label	0
553	age	14
553	fare	12
553	siblings	1
553	children	0
553	gender	0
553	pclass	1
553	label	1
554	age	13
554	fare	15
554	siblings	1
554	children	0
554	gender	1
554	pclass	1
554	label	0
555	age	12
555	fare	14
555	siblings	1
555	children	0
555	gender	0
555	pclass	1
555	label	1
556	age	11
556	fare	8
556	siblings	1
556	children	0
556	gender	0
556	pclass	3
556	label	1
557	age	9
557	fare	2
557	siblings	1
557	children	0
557	gender	1
557	pclass	3
557	label	0
558	age	12
558	fare	3
558	siblings	1
558	children	0
558	gender	1
558	pclass	3
558	label	0
559	age	8
559	fare	7
559	siblings	1
559	children	0
559	gender	1
559	pclass	2
559	label	0
560	age	12
560	fare	5
560	siblings	1
560	children	0
560	gender	1
560	pclass	3
560	label	0
561	age	15
561	fare	5
561	siblings	1
561	children	0
561	gender	0
561	pclass	3
561	label	0
562	age	6
562	fare	9
562	siblings	1
562	children	0
562	gender	1
562	pclass	3
562	label	0
563	age	3
563	fare	3
563	siblings	1
563	children	0
563	gender	1
563	pclass	3
563	label	0
564	age	8
564	fare	9
564	siblings	1
564	children	0
564	gender	0
564	pclass	3
564	label	0
565	age	8
565	fare	1
565	siblings	1
565	children	0
565	gender	1
565	pclass	3
565	label	0
566	age	10
566	fare	3
566	siblings	1
566	children	0
566	gender	1
566	pclass	3
566	label	1
567	age	15
567	fare	6
567	siblings	1
567	children	0
567	gender	1
567	pclass	2
567	label	1
568	age	14
568	fare	13
568	siblings	1
568	children	0
568	gender	0
568	pclass	1
568	label	1
569	age	11
569	fare	10
569	siblings	1
569	children	0
569	gender	1
569	pclass	1
569	label	1
570	age	5
570	fare	2
570	siblings	1
570	children	0
570	gender	0
570	pclass	3
570	label	1
571	age	2
571	fare	5
571	siblings	1
571	children	0
571	gender	1
571	pclass	3
571	label	0
572	age	3
572	fare	8
572	siblings	1
572	children	0
572	gender	1
572	pclass	3
572	label	0
573	age	10
573	fare	7
573	siblings	1
573	children	0
573	gender	0
573	pclass	2
573	label	1
574	age	12
574	fare	13
574	siblings	1
574	children	0
574	gender	0
574	pclass	1
574	label	1
575	age	2
575	fare	8
575	siblings	1
575	children	0
575	gender	0
575	pclass	3
575	label	0
576	age	10
576	fare	4
576	siblings	1
576	children	0
576	gender	1
576	pclass	3
576	label	1
577	age	6
577	fare	11
577	siblings	1
577	children	0
577	gender	0
577	pclass	2
577	label	1
578	age	12
578	fare	15
578	siblings	1
578	children	0
578	gender	0
578	pclass	1
578	label	1
579	age	15
579	fare	10
579	siblings	1
579	children	0
579	gender	1
579	pclass	2
579	label	0
580	age	11
580	fare	12
580	siblings	1
580	children	0
580	gender	1
580	pclass	1
580	label	0
581	age	2
581	fare	5
581	siblings	1
581	children	0
581	gender	1
581	pclass	3
581	label	0
582	age	2
582	fare	14
582	siblings	1
582	children	0
582	gender	0
582	pclass	1
582	label	1
583	age	14
583	fare	8
583	siblings	1
583	children	0
583	gender	1
583	pclass	2
583	label	0
584	age	15
584	fare	14
584	siblings	1
584	children	0
584	gender	1
584	pclass	1
584	label	1
585	age	5
585	fare	5
585	siblings	1
585	children	0
585	gender	1
585	pclass	3
585	label	0
586	age	5
586	fare	5
586	siblings	1
586	children	0
586	gender	1
586	pclass	3
586	label	0
587	age	11
587	fare	0
587	siblings	1
587	children	0
587	gender	1
587	pclass	3
587	label	0
588	age	14
588	fare	14
588	siblings	1
588	children	0
588	gender	0
588	pclass	1
588	label	1
589	age	14
589	fare	1
589	siblings	1
589	children	0
589	gender	1
589	pclass	3
589	label	0
590	age	12
590	fare	2
590	siblings	1
590	children	0
590	gender	0
590	pclass	3
590	label	0
591	age	11
591	fare	10
591	siblings	1
591	children	0
591	gender	1
591	pclass	2
591	label	0
592	age	11
592	fare	9
592	siblings	1
592	children	0
592	gender	1
592	pclass	3
592	label	0
593	age	9
593	fare	12
593	siblings	1
593	children	0
593	gender	0
593	pclass	2
593	label	1
594	age	14
594	fare	0
594	siblings	1
594	children	0
594	gender	1
594	pclass	3
594	label	0
595	age	2
595	fare	0
595	siblings	1
595	children	0
595	gender	1
595	pclass	3
595	label	0
596	age	14
596	fare	13
596	siblings	1
596	children	0
596	gender	1
596	pclass	1
596	label	1
597	age	6
597	fare	11
597	siblings	1
597	children	0
597	gender	0
597	pclass	2
597	label	1
598	age	13
598	fare	3
598	siblings	1
598	children	0
598	gender	1
598	pclass	3
598	label	0
599	age	11
599	fare	12
599	siblings	1
599	children	0
599	gender	1
599	pclass	1
599	label	0
600	age	13
600	fare	5
600	siblings	1
600	children	0
600	gender	1
600	pclass	3
600	label	0
601	age	11
601	fare	11
601	siblings	1
601	children	0
601	gender	1
601	pclass	1
601	label	1
602	age	11
602	fare	8
602	siblings	1
602	children	0
602	gender	1
602	pclass	3
602	label	0
603	age	9
603	fare	3
603	siblings	1
603	children	0
603	gender	1
603	pclass	3
603	label	0
604	age	7
604	fare	11
604	siblings	1
604	children	0
604	gender	1
604	pclass	1
604	label	1
605	age	5
605	fare	12
605	siblings	1
605	children	0
605	gender	0
605	pclass	2
605	label	1
606	age	12
606	fare	15
606	siblings	1
606	children	0
606	gender	0
606	pclass	1
606	label	1
607	age	12
607	fare	12
607	siblings	1
607	children	0
607	gender	0
607	pclass	3
607	label	0
608	age	4
608	fare	0
608	siblings	1
608	children	0
608	gender	1
608	pclass	3
608	label	0
609	age	2
609	fare	8
609	siblings	1
609	children	0
609	gender	0
609	pclass	3
609	label	1
610	age	5
610	fare	2
610	siblings	1
610	children	0
610	gender	1
610	pclass	3
610	label	0
611	age	11
611	fare	5
611	siblings	1
611	children	0
611	gender	1
611	pclass	3
611	label	0
612	age	6
612	fare	13
612	siblings	1
612	children	0
612	gender	0
612	pclass	2
612	label	1
613	age	10
613	fare	7
613	siblings	1
613	children	0
613	gender	1
613	pclass	3
613	label	0
614	age	7
614	fare	8
614	siblings	1
614	children	0
614	gender	0
614	pclass	3
614	label	0
615	age	0
615	fare	12
615	siblings	1
615	children	0
615	gender	0
615	pclass	2
615	label	1
616	age	7
616	fare	6
616	siblings	1
616	children	0
616	gender	1
616	pclass	2
616	label	0
617	age	7
617	fare	8
617	siblings	1
617	children	0
617	gender	1
617	pclass	3
617	label	0
618	age	13
618	fare	13
618	siblings	1
618	children	0
618	gender	1
618	pclass	1
618	label	1
619	age	3
619	fare	8
619	siblings	1
619	children	0
619	gender	1
619	pclass	3
619	label	1
620	age	4
620	fare	3
620	siblings	1
620	children	0
620	gender	1
620	pclass	3
620	label	0
621	age	4
621	fare	8
621	siblings	1
621	children	0
621	gender	1
621	pclass	3
621	label	0
622	age	15
622	fare	12
622	siblings	1
622	children	0
622	gender	1
622	pclass	1
622	label	0
623	age	15
623	fare	6
623	siblings	1
623	children	0
623	gender	1
623	pclass	2
623	label	0
624	age	4
624	fare	14
624	siblings	1
624	children	0
624	gender	0
624	pclass	1
624	label	1
625	age	7
625	fare	3
625	siblings	1
625	children	0
625	gender	1
625	pclass	3
625	label	0
626	age	2
626	fare	1
626	siblings	1
626	children	0
626	gender	1
626	pclass	3
626	label	0
627	age	15
627	fare	11
627	siblings	1
627	children	0
627	gender	1
627	pclass	1
627	label	1
628	age	14
628	fare	0
628	siblings	1
628	children	0
628	gender	1
628	pclass	3
628	label	0
629	age	10
629	fare	11
629	siblings	1
629	children	0
629	gender	1
629	pclass	1
629	label	1
630	age	9
630	fare	0
630	siblings	1
630	children	0
630	gender	1
630	pclass	1
630	label	0
631	age	1
631	fare	11
631	siblings	1
631	children	0
631	gender	0
631	pclass	3
631	label	0
632	age	8
632	fare	7
632	siblings	1
632	children	0
632	gender	0
632	pclass	2
632	label	1
633	age	10
633	fare	4
633	siblings	1
633	children	0
633	gender	1
633	pclass	3
633	label	0
634	age	9
634	fare	10
634	siblings	1
634	children	0
634	gender	1
634	pclass	2
634	label	0
635	age	12
635	fare	12
635	siblings	1
635	children	0
635	gender	0
635	pclass	3
635	label	0
636	age	11
636	fare	8
636	siblings	1
636	children	0
636	gender	1
636	pclass	3
636	label	0
637	age	3
637	fare	3
637	siblings	1
637	children	0
637	gender	1
637	pclass	3
637	label	0
638	age	6
638	fare	13
638	siblings	1
638	children	0
638	gender	0
638	pclass	1
638	label	1
639	age	0
639	fare	11
639	siblings	1
639	children	0
639	gender	0
639	pclass	3
639	label	0
640	age	10
640	fare	13
640	siblings	1
640	children	0
640	gender	1
640	pclass	3
640	label	1
641	age	0
641	fare	9
641	siblings	1
641	children	0
641	gender	0
641	pclass	3
641	label	1
642	age	14
642	fare	14
642	siblings	1
642	children	0
642	gender	1
642	pclass	1
642	label	1
643	age	3
643	fare	3
643	siblings	1
643	children	0
643	gender	1
643	pclass	3
643	label	0
644	age	15
644	fare	12
644	siblings	1
644	children	0
644	gender	1
644	pclass	1
644	label	1
645	age	4
645	fare	1
645	siblings	1
645	children	0
645	gender	1
645	pclass	3
645	label	0
646	age	5
646	fare	1
646	siblings	1
646	children	0
646	gender	0
646	pclass	3
646	label	1
647	age	5
647	fare	3
647	siblings	1
647	children	0
647	gender	1
647	pclass	3
647	label	0
648	age	2
648	fare	9
648	siblings	1
648	children	0
648	gender	0
648	pclass	2
648	label	1
649	age	4
649	fare	5
649	siblings	1
649	children	0
649	gender	1
649	pclass	3
649	label	0
650	age	2
650	fare	2
650	siblings	1
650	children	0
650	gender	0
650	pclass	3
650	label	1
651	age	2
651	fare	0
651	siblings	1
651	children	0
651	gender	0
651	pclass	3
651	label	0
652	age	6
652	fare	14
652	siblings	1
652	children	0
652	gender	1
652	pclass	2
652	label	0
653	age	7
653	fare	3
653	siblings	1
653	children	0
653	gender	1
653	pclass	3
653	label	0
654	age	10
654	fare	8
654	siblings	1
654	children	0
654	gender	0
654	pclass	3
654	label	0
655	age	5
655	fare	7
655	siblings	1
655	children	0
655	gender	1
655	pclass	2
655	label	0
656	age	15
656	fare	15
656	siblings	1
656	children	0
656	gender	1
656	pclass	1
656	label	0
657	age	14
657	fare	15
657	siblings	1
657	children	0
657	gender	1
657	pclass	1
657	label	1
658	age	12
658	fare	0
658	siblings	1
658	children	0
658	gender	1
658	pclass	3
658	label	0
659	age	14
659	fare	10
659	siblings	1
659	children	0
659	gender	1
659	pclass	1
659	label	0
660	age	11
660	fare	1
660	siblings	1
660	children	0
660	gender	1
660	pclass	3
660	label	0
661	age	3
661	fare	4
661	siblings	1
661	children	0
661	gender	1
661	pclass	3
661	label	1
662	age	10
662	fare	14
662	siblings	1
662	children	0
662	gender	1
662	pclass	2
662	label	0
663	age	6
663	fare	7
663	siblings	1
663	children	0
663	gender	1
663	pclass	2
663	label	0
664	age	14
664	fare	2
664	siblings	1
664	children	0
664	gender	1
664	pclass	3
664	label	0
665	age	13
665	fare	5
665	siblings	1
665	children	0
665	gender	1
665	pclass	3
665	label	0
666	age	14
666	fare	13
666	siblings	1
666	children	0
666	gender	0
666	pclass	1
666	label	1
667	age	12
667	fare	12
667	siblings	1
667	children	0
667	gender	0
667	pclass	2
667	label	1
668	age	9
668	fare	13
668	siblings	1
668	children	0
668	gender	1
668	pclass	1
668	label	0
669	age	15
669	fare	6
669	siblings	1
669	children	0
669	gender	1
669	pclass	2
669	label	0
670	age	9
670	fare	7
670	siblings	1
670	children	0
670	gender	1
670	pclass	2
670	label	1
671	age	3
671	fare	0
671	siblings	1
671	children	0
671	gender	1
671	pclass	2
671	label	0
672	age	2
672	fare	2
672	siblings	1
672	children	0
672	gender	1
672	pclass	3
672	label	0
673	age	6
673	fare	5
673	siblings	1
673	children	0
673	gender	1
673	pclass	3
673	label	0
674	age	2
674	fare	5
674	siblings	1
674	children	0
674	gender	0
674	pclass	3
674	label	1
675	age	13
675	fare	13
675	siblings	1
675	children	0
675	gender	0
675	pclass	3
675	label	0
676	age	11
676	fare	15
676	siblings	1
676	children	0
676	gender	1
676	pclass	1
676	label	1
677	age	8
677	fare	5
677	siblings	1
677	children	0
677	gender	0
677	pclass	3
677	label	0
678	age	7
678	fare	14
678	siblings	1
678	children	0
678	gender	1
678	pclass	1
678	label	1
679	age	3
679	fare	5
679	siblings	1
679	children	0
679	gender	1
679	pclass	3
679	label	0
680	age	1
680	fare	13
680	siblings	1
680	children	0
680	gender	1
680	pclass	3
680	label	0
681	age	15
681	fare	12
681	siblings	1
681	children	0
681	gender	1
681	pclass	2
681	label	0
682	age	6
682	fare	12
682	siblings	1
682	children	0
682	gender	1
682	pclass	2
682	label	0
683	age	1
683	fare	12
683	siblings	1
683	children	0
683	gender	1
683	pclass	3
683	label	0
684	age	3
684	fare	6
684	siblings	1
684	children	0
684	gender	1
684	pclass	3
684	label	0
685	age	2
685	fare	2
685	siblings	1
685	children	0
685	gender	1
685	pclass	3
685	label	0
686	age	1
686	fare	15
686	siblings	1
686	children	0
686	gender	0
686	pclass	1
686	label	1
687	age	9
687	fare	13
687	siblings	1
687	children	0
687	gender	1
687	pclass	1
687	label	1
688	age	0
688	fare	7
688	siblings	1
688	children	0
688	gender	0
688	pclass	3
688	label	1
689	age	11
689	fare	13
689	siblings	1
689	children	0
689	gender	1
689	pclass	3
689	label	1
690	age	6
690	fare	0
690	siblings	1
690	children	0
690	gender	1
690	pclass	3
690	label	0
691	age	15
691	fare	11
691	siblings	1
691	children	0
691	gender	1
691	pclass	1
691	label	0
692	age	14
692	fare	7
692	siblings	1
692	children	0
692	gender	1
692	pclass	2
692	label	0
693	age	13
693	fare	5
693	siblings	1
693	children	0
693	gender	1
693	pclass	3
693	label	0
694	age	3
694	fare	1
694	siblings	1
694	children	0
694	gender	0
694	pclass	3
694	label	1
695	age	14
695	fare	15
695	siblings	1
695	children	0
695	gender	1
695	pclass	1
695	label	0
696	age	13
696	fare	1
696	siblings	1
696	children	0
696	gender	1
696	pclass	3
696	label	0
697	age	2
697	fare	15
697	siblings	1
697	children	0
697	gender	0
697	pclass	1
697	label	1
698	age	11
698	fare	10
698	siblings	1
698	children	0
698	gender	1
698	pclass	1
698	label	1
699	age	2
699	fare	8
699	siblings	1
699	children	0
699	gender	0
699	pclass	3
699	label	0
700	age	6
700	fare	1
700	siblings	1
700	children	0
700	gender	1
700	pclass	3
700	label	0
701	age	7
701	fare	3
701	siblings	1
701	children	0
701	gender	1
701	pclass	3
701	label	0
702	age	12
702	fare	10
702	siblings	1
702	children	0
702	gender	1
702	pclass	2
702	label	0
703	age	13
703	fare	7
703	siblings	1
703	children	0
703	gender	0
703	pclass	2
703	label	1
704	age	13
704	fare	10
704	siblings	1
704	children	0
704	gender	1
704	pclass	1
704	label	1
705	age	5
705	fare	15
705	siblings	1
705	children	0
705	gender	0
705	pclass	1
705	label	1
706	age	0
706	fare	8
706	siblings	1
706	children	0
706	gender	1
706	pclass	3
706	label	1
707	age	6
707	fare	13
707	siblings	1
707	children	0
707	gender	0
707	pclass	1
707	label	1
708	age	12
708	fare	11
708	siblings	1
708	children	0
708	gender	1
708	pclass	1
708	label	0
709	age	14
709	fare	13
709	siblings	1
709	children	0
709	gender	1
709	pclass	1
709	label	1
710	age	8
710	fare	5
710	siblings	1
710	children	0
710	gender	1
710	pclass	3
710	label	0
711	age	14
711	fare	7
711	siblings	1
711	children	0
711	gender	1
711	pclass	2
711	label	0
712	age	3
712	fare	1
712	siblings	1
712	children	0
712	gender	1
712	pclass	3
712	label	0
713	age	12
713	fare	15
713	siblings	1
713	children	0
713	gender	0
713	pclass	1
713	label	1
714	age	7
714	fare	6
714	siblings	1
714	children	0
714	gender	0
714	pclass	2
714	label	1
715	age	10
715	fare	2
715	siblings	1
715	children	0
715	gender	1
715	pclass	3
715	label	0
716	age	0
716	fare	12
716	siblings	1
716	children	0
716	gender	0
716	pclass	2
716	label	1
717	age	2
717	fare	0
717	siblings	1
717	children	0
717	gender	1
717	pclass	3
717	label	0
718	age	10
718	fare	7
718	siblings	1
718	children	0
718	gender	1
718	pclass	2
718	label	0
719	age	14
719	fare	7
719	siblings	1
719	children	0
719	gender	1
719	pclass	2
719	label	0
720	age	7
720	fare	13
720	siblings	1
720	children	0
720	gender	1
720	pclass	1
720	label	1
721	age	3
721	fare	5
721	siblings	1
721	children	0
721	gender	1
721	pclass	3
721	label	0
722	age	9
722	fare	9
722	siblings	1
722	children	0
722	gender	0
722	pclass	2
722	label	1
723	age	8
723	fare	1
723	siblings	1
723	children	0
723	gender	0
723	pclass	3
723	label	1
724	age	6
724	fare	10
724	siblings	1
724	children	0
724	gender	1
724	pclass	2
724	label	0
725	age	6
725	fare	4
725	siblings	1
725	children	0
725	gender	0
725	pclass	3
725	label	0
726	age	8
726	fare	15
726	siblings	1
726	children	0
726	gender	0
726	pclass	1
726	label	1
727	age	1
727	fare	9
727	siblings	1
727	children	0
727	gender	1
727	pclass	3
727	label	0
728	age	12
728	fare	0
728	siblings	1
728	children	0
728	gender	1
728	pclass	2
728	label	0
729	age	5
729	fare	7
729	siblings	1
729	children	0
729	gender	1
729	pclass	2
729	label	0
730	age	5
730	fare	7
730	siblings	1
730	children	0
730	gender	1
730	pclass	2
730	label	0
731	age	8
731	fare	8
731	siblings	1
731	children	0
731	gender	1
731	pclass	3
731	label	0
732	age	14
732	fare	12
732	siblings	1
732	children	0
732	gender	0
732	pclass	3
732	label	0
733	age	11
733	fare	15
733	siblings	1
733	children	0
733	gender	1
733	pclass	1
733	label	1
734	age	3
734	fare	3
734	siblings	1
734	children	0
734	gender	1
734	pclass	3
734	label	0
735	age	10
735	fare	3
735	siblings	1
735	children	0
735	gender	1
735	pclass	3
735	label	0
736	age	13
736	fare	11
736	siblings	1
736	children	0
736	gender	1
736	pclass	1
736	label	1
737	age	11
737	fare	14
737	siblings	1
737	children	0
737	gender	1
737	pclass	1
737	label	0
738	age	4
738	fare	15
738	siblings	1
738	children	0
738	gender	0
738	pclass	1
738	label	1
739	age	6
739	fare	8
739	siblings	1
739	children	0
739	gender	1
739	pclass	3
739	label	0
740	age	9
740	fare	4
740	siblings	1
740	children	0
740	gender	1
740	pclass	3
740	label	1
741	age	15
741	fare	14
741	siblings	1
741	children	0
741	gender	1
741	pclass	1
741	label	0
742	age	2
742	fare	9
742	siblings	1
742	children	0
742	gender	1
742	pclass	3
742	label	0
743	age	9
743	fare	7
743	siblings	1
743	children	0
743	gender	0
743	pclass	2
743	label	1
744	age	3
744	fare	13
744	siblings	1
744	children	0
744	gender	1
744	pclass	1
744	label	0
745	age	9
745	fare	2
745	siblings	1
745	children	0
745	gender	1
745	pclass	3
745	label	0
746	age	0
746	fare	9
746	siblings	1
746	children	0
746	gender	0
746	pclass	2
746	label	1
747	age	0
747	fare	6
747	siblings	1
747	children	0
747	gender	1
747	pclass	3
747	label	1
748	age	10
748	fare	5
748	siblings	1
748	children	0
748	gender	1
748	pclass	3
748	label	0
749	age	5
749	fare	3
749	siblings	1
749	children	0
749	gender	1
749	pclass	3
749	label	0
750	age	14
750	fare	13
750	siblings	1
750	children	0
750	gender	0
750	pclass	2
750	label	1
751	age	0
751	fare	8
751	siblings	1
751	children	0
751	gender	1
751	pclass	2
751	label	1
752	age	8
752	fare	2
752	siblings	1
752	children	0
752	gender	1
752	pclass	3
752	label	0
753	age	2
753	fare	6
753	siblings	1
753	children	0
753	gender	1
753	pclass	2
753	label	0
754	age	10
754	fare	5
754	siblings	1
754	children	0
754	gender	1
754	pclass	3
754	label	0
755	age	10
755	fare	14
755	siblings	1
755	children	0
755	gender	0
755	pclass	1
755	label	1
756	age	5
756	fare	8
756	siblings	1
756	children	0
756	gender	1
756	pclass	3
756	label	0
757	age	12
757	fare	0
757	siblings	1
757	children	0
757	gender	1
757	pclass	3
757	label	0
758	age	3
758	fare	1
758	siblings	1
758	children	0
758	gender	1
758	pclass	3
758	label	1
759	age	11
759	fare	15
759	siblings	1
759	children	0
759	gender	0
759	pclass	1
759	label	1
760	age	2
760	fare	2
760	siblings	1
760	children	0
760	gender	1
760	pclass	3
760	label	0
761	age	14
761	fare	14
761	siblings	1
761	children	0
761	gender	0
761	pclass	1
761	label	1
762	age	13
762	fare	12
762	siblings	1
762	children	0
762	gender	1
762	pclass	1
762	label	0
763	age	9
763	fare	2
763	siblings	1
763	children	0
763	gender	0
763	pclass	3
763	label	0
764	age	8
764	fare	9
764	siblings	1
764	children	0
764	gender	1
764	pclass	3
764	label	0
765	age	10
765	fare	5
765	siblings	1
765	children	0
765	gender	1
765	pclass	3
765	label	0
766	age	6
766	fare	5
766	siblings	1
766	children	0
766	gender	1
766	pclass	3
766	label	0
767	age	14
767	fare	3
767	siblings	1
767	children	0
767	gender	1
767	pclass	3
767	label	0
768	age	15
768	fare	6
768	siblings	1
768	children	0
768	gender	0
768	pclass	2
768	label	0
769	age	8
769	fare	0
769	siblings	1
769	children	0
769	gender	1
769	pclass	3
769	label	0
770	age	15
770	fare	9
770	siblings	1
770	children	0
770	gender	0
770	pclass	2
770	label	1
771	age	2
771	fare	2
771	siblings	1
771	children	0
771	gender	1
771	pclass	3
771	label	0
772	age	3
772	fare	2
772	siblings	1
772	children	0
772	gender	1
772	pclass	3
772	label	0
773	age	0
773	fare	6
773	siblings	1
773	children	0
773	gender	0
773	pclass	3
773	label	1
774	age	5
774	fare	1
774	siblings	1
774	children	0
774	gender	1
774	pclass	3
774	label	0
775	age	13
775	fare	15
775	siblings	1
775	children	0
775	gender	0
775	pclass	1
775	label	1
776	age	1
776	fare	1
776	siblings	1
776	children	0
776	gender	0
776	pclass	3
776	label	1
777	age	2
777	fare	13
777	siblings	1
777	children	0
777	gender	0
777	pclass	1
777	label	1
778	age	8
778	fare	11
778	siblings	1
778	children	0
778	gender	1
778	pclass	1
778	label	0
779	age	11
779	fare	9
779	siblings	1
779	children	0
779	gender	1
779	pclass	3
779	label	0
780	age	6
780	fare	0
780	siblings	1
780	children	0
780	gender	1
780	pclass	3
780	label	0
781	age	6
781	fare	1
781	siblings	1
781	children	0
781	gender	1
781	pclass	3
781	label	0
782	age	2
782	fare	1
782	siblings	1
782	children	0
782	gender	0
782	pclass	3
782	label	1
783	age	1
783	fare	11
783	siblings	1
783	children	0
783	gender	1
783	pclass	3
783	label	0
784	age	0
784	fare	9
784	siblings	1
784	children	0
784	gender	1
784	pclass	3
784	label	1
785	age	13
785	fare	14
785	siblings	1
785	children	0
785	gender	1
785	pclass	1
785	label	0
786	age	3
786	fare	2
786	siblings	1
786	children	0
786	gender	1
786	pclass	3
786	label	0
787	age	2
787	fare	10
787	siblings	1
787	children	0
787	gender	1
787	pclass	2
787	label	0
788	age	4
788	fare	14
788	siblings	1
788	children	0
788	gender	0
788	pclass	3
788	label	0
789	age	13
789	fare	11
789	siblings	1
789	children	0
789	gender	1
789	pclass	1
789	label	0
790	age	6
790	fare	3
790	siblings	1
790	children	0
790	gender	1
790	pclass	3
790	label	0
791	age	12
791	fare	7
791	siblings	1
791	children	0
791	gender	1
791	pclass	2
791	label	0
792	age	14
792	fare	10
792	siblings	1
792	children	0
792	gender	0
792	pclass	1
792	label	1
793	age	9
793	fare	5
793	siblings	1
793	children	0
793	gender	0
793	pclass	3
793	label	1
794	age	9
794	fare	1
794	siblings	1
794	children	0
794	gender	1
794	pclass	3
794	label	0
795	age	9
795	fare	9
795	siblings	1
795	children	0
795	gender	0
795	pclass	3
795	label	0
796	age	10
796	fare	7
796	siblings	1
796	children	0
796	gender	1
796	pclass	2
796	label	0
797	age	9
797	fare	10
797	siblings	1
797	children	0
797	gender	0
797	pclass	2
797	label	1
798	age	1
798	fare	15
798	siblings	1
798	children	0
798	gender	1
798	pclass	1
798	label	1
799	age	0
799	fare	5
799	siblings	1
799	children	0
799	gender	1
799	pclass	3
799	label	1
800	age	7
800	fare	0
800	siblings	1
800	children	0
800	gender	1
800	pclass	3
800	label	1
801	age	9
801	fare	2
801	siblings	1
801	children	0
801	gender	1
801	pclass	3
801	label	0
802	age	12
802	fare	0
802	siblings	1
802	children	0
802	gender	1
802	pclass	1
802	label	0
803	age	2
803	fare	2
803	siblings	1
803	children	0
803	gender	0
803	pclass	3
803	label	0
804	age	12
804	fare	7
804	siblings	1
804	children	0
804	gender	1
804	pclass	2
804	label	0
805	age	10
805	fare	13
805	siblings	1
805	children	0
805	gender	0
805	pclass	1
805	label	1
806	age	7
806	fare	3
806	siblings	1
806	children	0
806	gender	1
806	pclass	3
806	label	0
807	age	12
807	fare	9
807	siblings	1
807	children	0
807	gender	1
807	pclass	3
807	label	0
808	age	11
808	fare	6
808	siblings	1
808	children	0
808	gender	1
808	pclass	2
808	label	0
809	age	0
809	fare	12
809	siblings	1
809	children	0
809	gender	0
809	pclass	3
809	label	0
810	age	9
810	fare	5
810	siblings	1
810	children	0
810	gender	1
810	pclass	3
810	label	0
811	age	12
811	fare	0
811	siblings	1
811	children	0
811	gender	1
811	pclass	1
811	label	0
812	age	5
812	fare	4
812	siblings	1
812	children	0
812	gender	0
812	pclass	3
812	label	0
813	age	9
813	fare	12
813	siblings	1
813	children	0
813	gender	1
813	pclass	2
813	label	0
814	age	13
814	fare	0
814	siblings	1
814	children	0
814	gender	1
814	pclass	3
814	label	0
815	age	1
815	fare	11
815	siblings	1
815	children	0
815	gender	1
815	pclass	3
815	label	0
816	age	14
816	fare	15
816	siblings	1
816	children	0
816	gender	0
816	pclass	1
816	label	1
817	age	7
817	fare	5
817	siblings	1
817	children	0
817	gender	1
817	pclass	3
817	label	1
818	age	12
818	fare	0
818	siblings	1
818	children	0
818	gender	1
818	pclass	1
818	label	0
819	age	7
819	fare	6
819	siblings	1
819	children	0
819	gender	0
819	pclass	3
819	label	1
820	age	0
820	fare	12
820	siblings	1
820	children	0
820	gender	1
820	pclass	3
820	label	0
821	age	11
821	fare	0
821	siblings	1
821	children	0
821	gender	1
821	pclass	3
821	label	0
822	age	5
822	fare	13
822	siblings	1
822	children	0
822	gender	1
822	pclass	3
822	label	0
823	age	0
823	fare	12
823	siblings	1
823	children	0
823	gender	1
823	pclass	2
823	label	1
824	age	3
824	fare	2
824	siblings	1
824	children	0
824	gender	1
824	pclass	3
824	label	1
825	age	15
825	fare	14
825	siblings	1
825	children	0
825	gender	0
825	pclass	1
825	label	1
826	age	1
826	fare	8
826	siblings	1
826	children	0
826	gender	0
826	pclass	3
826	label	1
827	age	0
827	fare	9
827	siblings	1
827	children	0
827	gender	1
827	pclass	2
827	label	1
828	age	9
828	fare	1
828	siblings	1
828	children	0
828	gender	1
828	pclass	3
828	label	0
829	age	5
829	fare	3
829	siblings	1
829	children	0
829	gender	1
829	pclass	3
829	label	0
830	age	2
830	fare	5
830	siblings	1
830	children	0
830	gender	1
830	pclass	3
830	label	0
831	age	12
831	fare	14
831	siblings	1
831	children	0
831	gender	0
831	pclass	1
831	label	1
832	age	4
832	fare	5
832	siblings	1
832	children	0
832	gender	1
832	pclass	3
832	label	0
833	age	3
833	fare	5
833	siblings	1
833	children	0
833	gender	1
833	pclass	3
833	label	0
834	age	10
834	fare	13
834	siblings	1
834	children	0
834	gender	1
834	pclass	3
834	label	1
835	age	8
835	fare	11
835	siblings	1
835	children	0
835	gender	1
835	pclass	1
835	label	1
836	age	3
836	fare	4
836	siblings	1
836	children	0
836	gender	1
836	pclass	3
836	label	0
837	age	2
837	fare	6
837	siblings	1
837	children	0
837	gender	1
837	pclass	2
837	label	0
838	age	9
838	fare	11
838	siblings	1
838	children	0
838	gender	0
838	pclass	1
838	label	1
839	age	10
839	fare	0
839	siblings	1
839	children	0
839	gender	1
839	pclass	3
839	label	0
840	age	2
840	fare	5
840	siblings	1
840	children	0
840	gender	1
840	pclass	3
840	label	0
841	age	13
841	fare	1
841	siblings	1
841	children	0
841	gender	1
841	pclass	3
841	label	0
842	age	2
842	fare	14
842	siblings	1
842	children	0
842	gender	1
842	pclass	3
842	label	0
843	age	11
843	fare	3
843	siblings	1
843	children	0
843	gender	1
843	pclass	3
843	label	0
844	age	8
844	fare	12
844	siblings	1
844	children	0
844	gender	1
844	pclass	2
844	label	0
845	age	12
845	fare	14
845	siblings	1
845	children	0
845	gender	0
845	pclass	1
845	label	1
846	age	0
846	fare	12
846	siblings	1
846	children	0
846	gender	1
846	pclass	3
846	label	0
847	age	15
847	fare	2
847	siblings	1
847	children	0
847	gender	1
847	pclass	3
847	label	0
848	age	1
848	fare	8
848	siblings	1
848	children	0
848	gender	0
848	pclass	3
848	label	0
849	age	2
849	fare	12
849	siblings	1
849	children	0
849	gender	0
849	pclass	1
849	label	1
850	age	13
850	fare	10
850	siblings	1
850	children	0
850	gender	0
850	pclass	2
850	label	0
851	age	2
851	fare	5
851	siblings	1
851	children	0
851	gender	0
851	pclass	3
851	label	1
852	age	13
852	fare	15
852	siblings	1
852	children	0
852	gender	0
852	pclass	1
852	label	1
853	age	14
853	fare	11
853	siblings	1
853	children	0
853	gender	1
853	pclass	1
853	label	1
854	age	6
854	fare	9
854	siblings	1
854	children	0
854	gender	0
854	pclass	3
854	label	1
855	age	9
855	fare	1
855	siblings	1
855	children	0
855	gender	1
855	pclass	3
855	label	0
856	age	12
856	fare	7
856	siblings	1
856	children	0
856	gender	1
856	pclass	3
856	label	0
857	age	4
857	fare	6
857	siblings	1
857	children	0
857	gender	1
857	pclass	2
857	label	0
858	age	14
858	fare	10
858	siblings	1
858	children	0
858	gender	0
858	pclass	1
858	label	1
859	age	1
859	fare	14
859	siblings	1
859	children	0
859	gender	0
859	pclass	3
859	label	0
860	age	6
860	fare	7
860	siblings	1
860	children	0
860	gender	1
860	pclass	2
860	label	0
861	age	13
861	fare	7
861	siblings	1
861	children	0
861	gender	0
861	pclass	2
861	label	1
862	age	7
862	fare	7
862	siblings	1
862	children	0
862	gender	0
862	pclass	2
862	label	1
863	age	9
863	fare	13
863	siblings	1
863	children	0
863	gender	1
863	pclass	1
863	label	0
864	age	5
864	fare	5
864	siblings	1
864	children	0
864	gender	1
864	pclass	3
864	label	0
865	age	0
865	fare	6
865	siblings	1
865	children	0
865	gender	1
865	pclass	3
865	label	1
866	age	7
866	fare	3
866	siblings	1
866	children	0
866	gender	1
866	pclass	3
866	label	0
867	age	14
867	fare	13
867	siblings	1
867	children	0
867	gender	0
867	pclass	1
867	label	1
868	age	10
868	fare	0
868	siblings	1
868	children	0
868	gender	1
868	pclass	1
868	label	0
869	age	14
869	fare	5
869	siblings	1
869	children	0
869	gender	1
869	pclass	3
869	label	0
870	age	8
870	fare	9
870	siblings	1
870	children	0
870	gender	0
870	pclass	2
870	label	1
871	age	1
871	fare	0
871	siblings	1
871	children	0
871	gender	0
871	pclass	3
871	label	1
872	age	3
872	fare	5
872	siblings	1
872	children	0
872	gender	1
872	pclass	3
872	label	0
873	age	3
873	fare	3
873	siblings	1
873	children	0
873	gender	1
873	pclass	3
873	label	0
874	age	5
874	fare	3
874	siblings	1
874	children	0
874	gender	1
874	pclass	3
874	label	0
875	age	15
875	fare	14
875	siblings	1
875	children	0
875	gender	0
875	pclass	1
875	label	1
876	age	6
876	fare	10
876	siblings	1
876	children	0
876	gender	0
876	pclass	2
876	label	1
877	age	10
877	fare	3
877	siblings	1
877	children	0
877	gender	1
877	pclass	3
877	label	0
878	age	5
878	fare	6
878	siblings	1
878	children	0
878	gender	0
878	pclass	3
878	label	0
879	age	8
879	fare	6
879	siblings	1
879	children	0
879	gender	1
879	pclass	2
879	label	0
880	age	6
880	fare	0
880	siblings	1
880	children	0
880	gender	1
880	pclass	3
880	label	0
881	age	12
881	fare	11
881	siblings	1
881	children	0
881	gender	0
881	pclass	3
881	label	0
882	age	7
882	fare	7
882	siblings	1
882	children	0
882	gender	1
882	pclass	2
882	label	0
883	age	3
883	fare	11
883	siblings	1
883	children	0
883	gender	0
883	pclass	1
883	label	1
884	age	1
884	fare	9
884	siblings	1
884	children	0
884	gender	0
884	pclass	3
884	label	0
885	age	7
885	fare	11
885	siblings	1
885	children	0
885	gender	1
885	pclass	1
885	label	1
886	age	10
886	fare	2
886	siblings	1
886	children	0
886	gender	1
886	pclass	3
886	label	0
